resample,train_n,test_n,accuracy,balanced_accuracy
0,90,90,0.5888888888888889,0.5888888888888889
1,90,90,0.5222222222222223,0.5222222222222223
2,90,90,0.5777777777777777,0.5777777777777778
3,90,90,0.6111111111111112,0.611111111111111
4,90,90,0.5666666666666667,0.5666666666666667
5,90,90,0.5333333333333333,0.5333333333333333
6,90,90,0.6555555555555556,0.6555555555555556
7,90,90,0.5777777777777777,0.5777777777777778
8,90,90,0.5555555555555556,0.5555555555555555
9,90,90,0.6111111111111112,0.6111111111111112
10,90,90,0.6777777777777778,0.6777777777777777
11,90,90,0.5888888888888889,0.5888888888888889
12,90,90,0.5555555555555556,0.5555555555555555
13,90,90,0.5888888888888889,0.5888888888888889
14,90,90,0.5,0.5
15,90,90,0.6333333333333333,0.6333333333333333
16,90,90,0.5666666666666667,0.5666666666666668
17,90,90,0.5333333333333333,0.5333333333333333
18,90,90,0.5888888888888889,0.5888888888888889
19,90,90,0.5555555555555556,0.5555555555555557
20,90,90,0.5333333333333333,0.5333333333333333
21,90,90,0.5333333333333333,0.5333333333333333
22,90,90,0.5666666666666667,0.5666666666666667
23,90,90,0.6,0.6
24,90,90,0.6222222222222222,0.6222222222222222
25,90,90,0.5111111111111111,0.5111111111111111
26,90,90,0.6111111111111112,0.611111111111111
27,90,90,0.6111111111111112,0.611111111111111
28,90,90,0.5555555555555556,0.5555555555555555
29,90,90,0.6111111111111112,0.611111111111111
30,90,90,0.5333333333333333,0.5333333333333333
31,90,90,0.5666666666666667,0.5666666666666667
32,90,90,0.6555555555555556,0.6555555555555556
33,90,90,0.5777777777777777,0.5777777777777778
34,90,90,0.6111111111111112,0.611111111111111
35,90,90,0.5,0.5
36,90,90,0.5333333333333333,0.5333333333333333
37,90,90,0.6444444444444445,0.6444444444444445
38,90,90,0.5444444444444444,0.5444444444444444
39,90,90,0.5888888888888889,0.5888888888888889
40,90,90,0.5111111111111111,0.5111111111111111
41,90,90,0.5111111111111111,0.5111111111111111
42,90,90,0.6666666666666666,0.6666666666666666
43,90,90,0.6444444444444445,0.6444444444444445
44,90,90,0.5444444444444444,0.5444444444444444
45,90,90,0.6111111111111112,0.6111111111111112
46,90,90,0.5888888888888889,0.5888888888888889
47,90,90,0.5111111111111111,0.5111111111111111
48,90,90,0.6,0.6
49,90,90,0.5888888888888889,0.5888888888888889
50,90,90,0.6444444444444445,0.6444444444444445
51,90,90,0.6333333333333333,0.6333333333333333
52,90,90,0.6111111111111112,0.6111111111111112
53,90,90,0.5333333333333333,0.5333333333333333
54,90,90,0.5555555555555556,0.5555555555555556
55,90,90,0.6444444444444445,0.6444444444444445
56,90,90,0.6444444444444445,0.6444444444444444
57,90,90,0.4777777777777778,0.4777777777777778
58,90,90,0.4666666666666667,0.4666666666666666
59,90,90,0.6555555555555556,0.6555555555555554
60,90,90,0.6666666666666666,0.6666666666666666
61,90,90,0.6222222222222222,0.6222222222222222
62,90,90,0.5555555555555556,0.5555555555555556
63,90,90,0.5888888888888889,0.5888888888888889
64,90,90,0.5444444444444444,0.5444444444444444
65,90,90,0.6444444444444445,0.6444444444444444
66,90,90,0.6111111111111112,0.611111111111111
67,90,90,0.6111111111111112,0.611111111111111
68,90,90,0.5222222222222223,0.5222222222222223
69,90,90,0.5444444444444444,0.5444444444444444
70,90,90,0.6111111111111112,0.6111111111111112
71,90,90,0.5777777777777777,0.5777777777777778
72,90,90,0.6,0.6
73,90,90,0.6,0.6
74,90,90,0.6111111111111112,0.611111111111111
75,90,90,0.5444444444444444,0.5444444444444444
76,90,90,0.5555555555555556,0.5555555555555556
77,90,90,0.4888888888888889,0.4888888888888889
78,90,90,0.5888888888888889,0.5888888888888889
79,90,90,0.6222222222222222,0.6222222222222222
80,90,90,0.5555555555555556,0.5555555555555556
81,90,90,0.5333333333333333,0.5333333333333333
82,90,90,0.6555555555555556,0.6555555555555556
83,90,90,0.5222222222222223,0.5222222222222221
84,90,90,0.5888888888888889,0.5888888888888889
85,90,90,0.5555555555555556,0.5555555555555555
86,90,90,0.6111111111111112,0.6111111111111112
87,90,90,0.5666666666666667,0.5666666666666667
88,90,90,0.5777777777777777,0.5777777777777778
89,90,90,0.5777777777777777,0.5777777777777778
90,90,90,0.6333333333333333,0.6333333333333333
91,90,90,0.5888888888888889,0.5888888888888889
92,90,90,0.5666666666666667,0.5666666666666667
93,90,90,0.6222222222222222,0.6222222222222222
94,90,90,0.6111111111111112,0.611111111111111
95,90,90,0.5333333333333333,0.5333333333333333
96,90,90,0.5666666666666667,0.5666666666666667
97,90,90,0.5222222222222223,0.5222222222222223
98,90,90,0.6,0.6
99,90,90,0.5333333333333333,0.5333333333333333
100,90,90,0.6222222222222222,0.6222222222222222
101,90,90,0.5666666666666667,0.5666666666666667
102,90,90,0.6555555555555556,0.6555555555555556
103,90,90,0.5444444444444444,0.5444444444444444
104,90,90,0.5555555555555556,0.5555555555555555
105,90,90,0.5333333333333333,0.5333333333333333
106,90,90,0.5555555555555556,0.5555555555555556
107,90,90,0.5666666666666667,0.5666666666666667
108,90,90,0.4888888888888889,0.48888888888888893
109,90,90,0.5222222222222223,0.5222222222222221
110,90,90,0.5888888888888889,0.5888888888888889
111,90,90,0.5666666666666667,0.5666666666666667
112,90,90,0.5444444444444444,0.5444444444444444
113,90,90,0.6333333333333333,0.6333333333333333
114,90,90,0.5,0.5
115,90,90,0.5444444444444444,0.5444444444444444
116,90,90,0.5444444444444444,0.5444444444444444
117,90,90,0.6444444444444445,0.6444444444444444
118,90,90,0.6444444444444445,0.6444444444444444
119,90,90,0.6111111111111112,0.6111111111111112
120,90,90,0.5888888888888889,0.5888888888888889
121,90,90,0.5333333333333333,0.5333333333333333
122,90,90,0.5444444444444444,0.5444444444444444
123,90,90,0.6,0.6000000000000001
124,90,90,0.6222222222222222,0.6222222222222222
125,90,90,0.6111111111111112,0.6111111111111112
126,90,90,0.6,0.6
127,90,90,0.5555555555555556,0.5555555555555555
128,90,90,0.6333333333333333,0.6333333333333333
129,90,90,0.4666666666666667,0.4666666666666666
130,90,90,0.5333333333333333,0.5333333333333333
131,90,90,0.6333333333333333,0.6333333333333333
132,90,90,0.6,0.6
133,90,90,0.6,0.6
134,90,90,0.5222222222222223,0.5222222222222223
135,90,90,0.5777777777777777,0.5777777777777778
136,90,90,0.5888888888888889,0.5888888888888889
137,90,90,0.5555555555555556,0.5555555555555556
138,90,90,0.6444444444444445,0.6444444444444444
139,90,90,0.6444444444444445,0.6444444444444444
140,90,90,0.6444444444444445,0.6444444444444445
141,90,90,0.5222222222222223,0.5222222222222221
142,90,90,0.6333333333333333,0.6333333333333333
143,90,90,0.6,0.6
144,90,90,0.5555555555555556,0.5555555555555555
145,90,90,0.6333333333333333,0.6333333333333333
146,90,90,0.5222222222222223,0.5222222222222223
147,90,90,0.5666666666666667,0.5666666666666667
148,90,90,0.5888888888888889,0.5888888888888889
149,90,90,0.6,0.6
150,90,90,0.5444444444444444,0.5444444444444445
151,90,90,0.6666666666666666,0.6666666666666666
152,90,90,0.6555555555555556,0.6555555555555556
153,90,90,0.5555555555555556,0.5555555555555555
154,90,90,0.5666666666666667,0.5666666666666667
155,90,90,0.5777777777777777,0.5777777777777778
156,90,90,0.5777777777777777,0.5777777777777778
157,90,90,0.5555555555555556,0.5555555555555556
158,90,90,0.5222222222222223,0.5222222222222223
159,90,90,0.5888888888888889,0.5888888888888889
160,90,90,0.6222222222222222,0.6222222222222223
161,90,90,0.5777777777777777,0.5777777777777778
162,90,90,0.5111111111111111,0.5111111111111112
163,90,90,0.6,0.6000000000000001
164,90,90,0.6111111111111112,0.611111111111111
165,90,90,0.5666666666666667,0.5666666666666668
166,90,90,0.5444444444444444,0.5444444444444444
167,90,90,0.6,0.6
168,90,90,0.5666666666666667,0.5666666666666665
169,90,90,0.5888888888888889,0.5888888888888889
170,90,90,0.5888888888888889,0.5888888888888889
171,90,90,0.5666666666666667,0.5666666666666667
172,90,90,0.5888888888888889,0.5888888888888889
173,90,90,0.5111111111111111,0.5111111111111111
174,90,90,0.6222222222222222,0.6222222222222221
175,90,90,0.6111111111111112,0.6111111111111112
176,90,90,0.6222222222222222,0.6222222222222222
177,90,90,0.5888888888888889,0.5888888888888889
178,90,90,0.6444444444444445,0.6444444444444445
179,90,90,0.5777777777777777,0.5777777777777778
180,90,90,0.5777777777777777,0.5777777777777778
181,90,90,0.5555555555555556,0.5555555555555555
182,90,90,0.5333333333333333,0.5333333333333333
183,90,90,0.5666666666666667,0.5666666666666667
184,90,90,0.5555555555555556,0.5555555555555555
185,90,90,0.5555555555555556,0.5555555555555555
186,90,90,0.5777777777777777,0.5777777777777778
187,90,90,0.5333333333333333,0.5333333333333333
188,90,90,0.5777777777777777,0.5777777777777778
189,90,90,0.5444444444444444,0.5444444444444444
190,90,90,0.5888888888888889,0.5888888888888889
191,90,90,0.6111111111111112,0.6111111111111112
192,90,90,0.5666666666666667,0.5666666666666668
193,90,90,0.5444444444444444,0.5444444444444444
194,90,90,0.6333333333333333,0.6333333333333333
195,90,90,0.5111111111111111,0.5111111111111111
196,90,90,0.6666666666666666,0.6666666666666666
197,90,90,0.5444444444444444,0.5444444444444444
198,90,90,0.5777777777777777,0.5777777777777778
199,90,90,0.5777777777777777,0.5777777777777778
200,90,90,0.5444444444444444,0.5444444444444445
201,90,90,0.5555555555555556,0.5555555555555556
202,90,90,0.5666666666666667,0.5666666666666668
203,90,90,0.5777777777777777,0.5777777777777778
204,90,90,0.5777777777777777,0.5777777777777778
205,90,90,0.6333333333333333,0.6333333333333333
206,90,90,0.5777777777777777,0.5777777777777778
207,90,90,0.5444444444444444,0.5444444444444444
208,90,90,0.5333333333333333,0.5333333333333333
209,90,90,0.5777777777777777,0.5777777777777778
210,90,90,0.5888888888888889,0.5888888888888889
211,90,90,0.5666666666666667,0.5666666666666667
212,90,90,0.4888888888888889,0.48888888888888893
213,90,90,0.5666666666666667,0.5666666666666665
214,90,90,0.5777777777777777,0.5777777777777778
215,90,90,0.5444444444444444,0.5444444444444444
216,90,90,0.5555555555555556,0.5555555555555555
217,90,90,0.6444444444444445,0.6444444444444445
218,90,90,0.6,0.6
219,90,90,0.6111111111111112,0.611111111111111
220,90,90,0.5777777777777777,0.5777777777777778
221,90,90,0.5444444444444444,0.5444444444444444
222,90,90,0.6111111111111112,0.611111111111111
223,90,90,0.4888888888888889,0.4888888888888889
224,90,90,0.5888888888888889,0.5888888888888889
225,90,90,0.5888888888888889,0.5888888888888889
226,90,90,0.5333333333333333,0.5333333333333333
227,90,90,0.6444444444444445,0.6444444444444445
228,90,90,0.6111111111111112,0.611111111111111
229,90,90,0.6222222222222222,0.6222222222222222
230,90,90,0.6111111111111112,0.6111111111111112
231,90,90,0.5222222222222223,0.5222222222222223
232,90,90,0.6444444444444445,0.6444444444444445
233,90,90,0.6,0.6
234,90,90,0.6222222222222222,0.6222222222222222
235,90,90,0.5555555555555556,0.5555555555555555
236,90,90,0.5888888888888889,0.5888888888888889
237,90,90,0.5222222222222223,0.5222222222222223
238,90,90,0.5777777777777777,0.5777777777777778
239,90,90,0.5555555555555556,0.5555555555555555
240,90,90,0.5222222222222223,0.5222222222222223
241,90,90,0.5333333333333333,0.5333333333333333
242,90,90,0.5333333333333333,0.5333333333333333
243,90,90,0.6,0.6
244,90,90,0.5555555555555556,0.5555555555555556
245,90,90,0.6111111111111112,0.6111111111111112
246,90,90,0.6111111111111112,0.6111111111111112
247,90,90,0.5666666666666667,0.5666666666666667
248,90,90,0.7,0.7000000000000001
249,90,90,0.6333333333333333,0.6333333333333334
250,90,90,0.5222222222222223,0.5222222222222221
251,90,90,0.6666666666666666,0.6666666666666666
252,90,90,0.6666666666666666,0.6666666666666666
253,90,90,0.5333333333333333,0.5333333333333333
254,90,90,0.5888888888888889,0.5888888888888889
255,90,90,0.6111111111111112,0.6111111111111112
256,90,90,0.5888888888888889,0.5888888888888889
257,90,90,0.5666666666666667,0.5666666666666667
258,90,90,0.5888888888888889,0.5888888888888889
259,90,90,0.6,0.6
260,90,90,0.5444444444444444,0.5444444444444444
261,90,90,0.5777777777777777,0.5777777777777778
262,90,90,0.5444444444444444,0.5444444444444444
263,90,90,0.6222222222222222,0.6222222222222222
264,90,90,0.5888888888888889,0.5888888888888889
265,90,90,0.5888888888888889,0.5888888888888889
266,90,90,0.6777777777777778,0.6777777777777777
267,90,90,0.5777777777777777,0.5777777777777778
268,90,90,0.5666666666666667,0.5666666666666667
269,90,90,0.5888888888888889,0.5888888888888889
270,90,90,0.6,0.6
271,90,90,0.5555555555555556,0.5555555555555556
272,90,90,0.5777777777777777,0.5777777777777778
273,90,90,0.5555555555555556,0.5555555555555555
274,90,90,0.5444444444444444,0.5444444444444444
275,90,90,0.5777777777777777,0.5777777777777777
276,90,90,0.5777777777777777,0.5777777777777778
277,90,90,0.5777777777777777,0.5777777777777778
278,90,90,0.6777777777777778,0.6777777777777777
279,90,90,0.6111111111111112,0.6111111111111112
280,90,90,0.6222222222222222,0.6222222222222222
281,90,90,0.5555555555555556,0.5555555555555555
282,90,90,0.5888888888888889,0.588888888888889
283,90,90,0.5888888888888889,0.5888888888888889
284,90,90,0.5222222222222223,0.5222222222222223
285,90,90,0.5,0.5000000000000001
286,90,90,0.6111111111111112,0.611111111111111
287,90,90,0.6333333333333333,0.6333333333333333
288,90,90,0.5333333333333333,0.5333333333333333
289,90,90,0.6,0.6
290,90,90,0.5111111111111111,0.5111111111111112
291,90,90,0.6222222222222222,0.6222222222222222
292,90,90,0.6,0.6
293,90,90,0.5888888888888889,0.5888888888888889
294,90,90,0.5888888888888889,0.5888888888888889
295,90,90,0.6111111111111112,0.611111111111111
296,90,90,0.5666666666666667,0.5666666666666665
297,90,90,0.6,0.6
298,90,90,0.5555555555555556,0.5555555555555556
299,90,90,0.6444444444444445,0.6444444444444445
300,90,90,0.6222222222222222,0.6222222222222222
301,90,90,0.5777777777777777,0.5777777777777778
302,90,90,0.5333333333333333,0.5333333333333333
303,90,90,0.6,0.6
304,90,90,0.6222222222222222,0.6222222222222222
305,90,90,0.5111111111111111,0.5111111111111111
306,90,90,0.6222222222222222,0.6222222222222222
307,90,90,0.5444444444444444,0.5444444444444444
308,90,90,0.5111111111111111,0.5111111111111111
309,90,90,0.5777777777777777,0.5777777777777778
310,90,90,0.6111111111111112,0.6111111111111112
311,90,90,0.6111111111111112,0.6111111111111112
312,90,90,0.5666666666666667,0.5666666666666668
313,90,90,0.5888888888888889,0.5888888888888889
314,90,90,0.6222222222222222,0.6222222222222222
315,90,90,0.5888888888888889,0.5888888888888889
316,90,90,0.5888888888888889,0.5888888888888889
317,90,90,0.5111111111111111,0.5111111111111112
318,90,90,0.6555555555555556,0.6555555555555554
319,90,90,0.5777777777777777,0.5777777777777778
320,90,90,0.6,0.6
321,90,90,0.6,0.6
322,90,90,0.5,0.5
323,90,90,0.5777777777777777,0.5777777777777778
324,90,90,0.5555555555555556,0.5555555555555555
325,90,90,0.5888888888888889,0.5888888888888889
326,90,90,0.5222222222222223,0.5222222222222223
327,90,90,0.5777777777777777,0.5777777777777778
328,90,90,0.5222222222222223,0.5222222222222221
329,90,90,0.6222222222222222,0.6222222222222221
330,90,90,0.6333333333333333,0.6333333333333333
331,90,90,0.5777777777777777,0.5777777777777777
332,90,90,0.6444444444444445,0.6444444444444445
333,90,90,0.4888888888888889,0.48888888888888893
334,90,90,0.5444444444444444,0.5444444444444444
335,90,90,0.5555555555555556,0.5555555555555555
336,90,90,0.6111111111111112,0.611111111111111
337,90,90,0.5444444444444444,0.5444444444444444
338,90,90,0.5888888888888889,0.5888888888888889
339,90,90,0.6,0.6
340,90,90,0.5111111111111111,0.5111111111111111
341,90,90,0.6222222222222222,0.6222222222222222
342,90,90,0.5555555555555556,0.5555555555555556
343,90,90,0.5222222222222223,0.5222222222222223
344,90,90,0.5777777777777777,0.5777777777777778
345,90,90,0.5444444444444444,0.5444444444444444
346,90,90,0.5888888888888889,0.5888888888888889
347,90,90,0.5333333333333333,0.5333333333333333
348,90,90,0.5444444444444444,0.5444444444444444
349,90,90,0.5777777777777777,0.5777777777777778
350,90,90,0.5888888888888889,0.5888888888888889
351,90,90,0.5333333333333333,0.5333333333333333
352,90,90,0.6222222222222222,0.6222222222222222
353,90,90,0.5777777777777777,0.5777777777777778
354,90,90,0.6111111111111112,0.611111111111111
355,90,90,0.6555555555555556,0.6555555555555556
356,90,90,0.6111111111111112,0.611111111111111
357,90,90,0.5888888888888889,0.5888888888888889
358,90,90,0.5555555555555556,0.5555555555555556
359,90,90,0.6111111111111112,0.6111111111111112
360,90,90,0.5555555555555556,0.5555555555555557
361,90,90,0.5777777777777777,0.5777777777777778
362,90,90,0.5333333333333333,0.5333333333333333
363,90,90,0.5444444444444444,0.5444444444444444
364,90,90,0.5666666666666667,0.5666666666666668
365,90,90,0.5444444444444444,0.5444444444444444
366,90,90,0.6,0.6
367,90,90,0.5,0.49999999999999994
368,90,90,0.6111111111111112,0.611111111111111
369,90,90,0.5222222222222223,0.5222222222222223
370,90,90,0.6,0.6
371,90,90,0.6111111111111112,0.6111111111111112
372,90,90,0.5777777777777777,0.5777777777777778
373,90,90,0.5666666666666667,0.5666666666666667
374,90,90,0.6222222222222222,0.6222222222222221
375,90,90,0.5888888888888889,0.5888888888888889
376,90,90,0.5777777777777777,0.5777777777777778
377,90,90,0.5777777777777777,0.5777777777777778
378,90,90,0.5555555555555556,0.5555555555555556
379,90,90,0.5888888888888889,0.5888888888888889
380,90,90,0.5444444444444444,0.5444444444444444
381,90,90,0.6333333333333333,0.6333333333333333
382,90,90,0.6111111111111112,0.6111111111111112
383,90,90,0.6222222222222222,0.6222222222222223
384,90,90,0.6555555555555556,0.6555555555555556
385,90,90,0.5888888888888889,0.5888888888888889
386,90,90,0.5777777777777777,0.5777777777777778
387,90,90,0.5888888888888889,0.5888888888888889
388,90,90,0.6,0.6
389,90,90,0.5666666666666667,0.5666666666666667
390,90,90,0.5888888888888889,0.5888888888888889
391,90,90,0.6333333333333333,0.6333333333333333
392,90,90,0.6222222222222222,0.6222222222222222
393,90,90,0.5111111111111111,0.5111111111111112
394,90,90,0.6222222222222222,0.6222222222222222
395,90,90,0.5666666666666667,0.5666666666666668
396,90,90,0.6333333333333333,0.6333333333333333
397,90,90,0.6,0.6
398,90,90,0.5888888888888889,0.5888888888888889
399,90,90,0.5666666666666667,0.5666666666666667
400,90,90,0.6555555555555556,0.6555555555555556
401,90,90,0.5555555555555556,0.5555555555555555
402,90,90,0.5333333333333333,0.5333333333333333
403,90,90,0.5333333333333333,0.5333333333333333
404,90,90,0.5666666666666667,0.5666666666666668
405,90,90,0.6333333333333333,0.6333333333333333
406,90,90,0.6,0.6
407,90,90,0.6777777777777778,0.6777777777777779
408,90,90,0.5777777777777777,0.5777777777777778
409,90,90,0.5777777777777777,0.5777777777777778
410,90,90,0.6777777777777778,0.6777777777777777
411,90,90,0.5888888888888889,0.5888888888888889
412,90,90,0.5777777777777777,0.5777777777777778
413,90,90,0.5777777777777777,0.5777777777777778
414,90,90,0.5111111111111111,0.5111111111111112
415,90,90,0.5888888888888889,0.5888888888888889
416,90,90,0.6,0.6
417,90,90,0.6,0.6
418,90,90,0.6,0.6
419,90,90,0.5333333333333333,0.5333333333333333
420,90,90,0.5111111111111111,0.5111111111111111
421,90,90,0.5888888888888889,0.5888888888888889
422,90,90,0.5777777777777777,0.5777777777777778
423,90,90,0.5555555555555556,0.5555555555555557
424,90,90,0.6333333333333333,0.6333333333333334
425,90,90,0.5444444444444444,0.5444444444444445
426,90,90,0.5666666666666667,0.5666666666666667
427,90,90,0.5666666666666667,0.5666666666666668
428,90,90,0.5777777777777777,0.5777777777777778
429,90,90,0.5222222222222223,0.5222222222222223
430,90,90,0.6444444444444445,0.6444444444444444
431,90,90,0.6,0.6
432,90,90,0.5666666666666667,0.5666666666666667
433,90,90,0.5333333333333333,0.5333333333333333
434,90,90,0.6444444444444445,0.6444444444444445
435,90,90,0.6,0.6000000000000001
436,90,90,0.4888888888888889,0.48888888888888893
437,90,90,0.6777777777777778,0.6777777777777777
438,90,90,0.5666666666666667,0.5666666666666665
439,90,90,0.5333333333333333,0.5333333333333333
440,90,90,0.5222222222222223,0.5222222222222223
441,90,90,0.5666666666666667,0.5666666666666668
442,90,90,0.6222222222222222,0.6222222222222222
443,90,90,0.6,0.6000000000000001
444,90,90,0.6111111111111112,0.6111111111111112
445,90,90,0.5333333333333333,0.5333333333333333
446,90,90,0.5777777777777777,0.5777777777777778
447,90,90,0.5777777777777777,0.5777777777777778
448,90,90,0.6,0.6
449,90,90,0.6555555555555556,0.6555555555555556
450,90,90,0.6444444444444445,0.6444444444444445
451,90,90,0.6111111111111112,0.6111111111111112
452,90,90,0.5111111111111111,0.5111111111111111
453,90,90,0.6222222222222222,0.6222222222222222
454,90,90,0.6222222222222222,0.6222222222222222
455,90,90,0.5444444444444444,0.5444444444444444
456,90,90,0.5555555555555556,0.5555555555555555
457,90,90,0.5888888888888889,0.5888888888888889
458,90,90,0.7111111111111111,0.7111111111111111
459,90,90,0.6222222222222222,0.6222222222222222
460,90,90,0.5111111111111111,0.5111111111111111
461,90,90,0.5555555555555556,0.5555555555555555
462,90,90,0.6333333333333333,0.6333333333333333
463,90,90,0.5777777777777777,0.5777777777777778
464,90,90,0.6111111111111112,0.6111111111111112
465,90,90,0.5444444444444444,0.5444444444444444
466,90,90,0.5777777777777777,0.5777777777777778
467,90,90,0.5444444444444444,0.5444444444444444
468,90,90,0.6222222222222222,0.6222222222222222
469,90,90,0.5777777777777777,0.5777777777777778
470,90,90,0.5555555555555556,0.5555555555555556
471,90,90,0.6444444444444445,0.6444444444444445
472,90,90,0.5666666666666667,0.5666666666666665
473,90,90,0.6555555555555556,0.6555555555555556
474,90,90,0.5666666666666667,0.5666666666666667
475,90,90,0.6666666666666666,0.6666666666666666
476,90,90,0.5222222222222223,0.5222222222222221
477,90,90,0.5333333333333333,0.5333333333333333
478,90,90,0.6111111111111112,0.6111111111111112
479,90,90,0.6222222222222222,0.6222222222222222
480,90,90,0.5,0.5
481,90,90,0.6555555555555556,0.6555555555555556
482,90,90,0.5777777777777777,0.5777777777777778
483,90,90,0.5333333333333333,0.5333333333333333
484,90,90,0.6,0.6
485,90,90,0.6222222222222222,0.6222222222222222
486,90,90,0.5777777777777777,0.5777777777777778
487,90,90,0.5444444444444444,0.5444444444444444
488,90,90,0.6111111111111112,0.611111111111111
489,90,90,0.6,0.6
490,90,90,0.6,0.6
491,90,90,0.5777777777777777,0.5777777777777778
492,90,90,0.6222222222222222,0.6222222222222222
493,90,90,0.4888888888888889,0.4888888888888889
494,90,90,0.4777777777777778,0.4777777777777778
495,90,90,0.5555555555555556,0.5555555555555556
496,90,90,0.5777777777777777,0.5777777777777778
497,90,90,0.5777777777777777,0.5777777777777778
498,90,90,0.5666666666666667,0.5666666666666668
499,90,90,0.6333333333333333,0.6333333333333334
500,90,90,0.6444444444444445,0.6444444444444445
501,90,90,0.6222222222222222,0.6222222222222221
502,90,90,0.5111111111111111,0.5111111111111111
503,90,90,0.5555555555555556,0.5555555555555556
504,90,90,0.5333333333333333,0.5333333333333333
505,90,90,0.6,0.6
506,90,90,0.5666666666666667,0.5666666666666667
507,90,90,0.5555555555555556,0.5555555555555556
508,90,90,0.5555555555555556,0.5555555555555555
509,90,90,0.5222222222222223,0.5222222222222223
510,90,90,0.6333333333333333,0.6333333333333333
511,90,90,0.5111111111111111,0.5111111111111111
512,90,90,0.6,0.6000000000000001
513,90,90,0.5333333333333333,0.5333333333333333
514,90,90,0.5888888888888889,0.5888888888888889
515,90,90,0.6222222222222222,0.6222222222222222
516,90,90,0.5666666666666667,0.5666666666666668
517,90,90,0.5,0.5
518,90,90,0.5888888888888889,0.5888888888888889
519,90,90,0.5555555555555556,0.5555555555555555
520,90,90,0.5222222222222223,0.5222222222222223
521,90,90,0.5333333333333333,0.5333333333333333
522,90,90,0.5777777777777777,0.5777777777777778
523,90,90,0.6,0.6
524,90,90,0.5777777777777777,0.5777777777777778
525,90,90,0.5444444444444444,0.5444444444444444
526,90,90,0.6222222222222222,0.6222222222222221
527,90,90,0.5777777777777777,0.5777777777777778
528,90,90,0.5888888888888889,0.5888888888888889
529,90,90,0.5111111111111111,0.5111111111111111
530,90,90,0.5555555555555556,0.5555555555555556
531,90,90,0.5888888888888889,0.5888888888888889
532,90,90,0.5555555555555556,0.5555555555555555
533,90,90,0.5555555555555556,0.5555555555555556
534,90,90,0.5111111111111111,0.5111111111111112
535,90,90,0.5111111111111111,0.5111111111111111
536,90,90,0.5,0.5
537,90,90,0.6333333333333333,0.6333333333333334
538,90,90,0.6444444444444445,0.6444444444444444
539,90,90,0.6,0.6000000000000001
540,90,90,0.6333333333333333,0.6333333333333333
541,90,90,0.5777777777777777,0.5777777777777778
542,90,90,0.6111111111111112,0.6111111111111112
543,90,90,0.5777777777777777,0.5777777777777778
544,90,90,0.5111111111111111,0.5111111111111111
545,90,90,0.6,0.6
546,90,90,0.5888888888888889,0.5888888888888888
547,90,90,0.5666666666666667,0.5666666666666667
548,90,90,0.5777777777777777,0.5777777777777778
549,90,90,0.6111111111111112,0.6111111111111112
550,90,90,0.5888888888888889,0.5888888888888889
551,90,90,0.6222222222222222,0.6222222222222222
552,90,90,0.6111111111111112,0.611111111111111
553,90,90,0.5666666666666667,0.5666666666666668
554,90,90,0.5222222222222223,0.5222222222222223
555,90,90,0.4777777777777778,0.4777777777777777
556,90,90,0.5444444444444444,0.5444444444444444
557,90,90,0.6222222222222222,0.6222222222222221
558,90,90,0.6333333333333333,0.6333333333333333
559,90,90,0.6111111111111112,0.611111111111111
560,90,90,0.5444444444444444,0.5444444444444444
561,90,90,0.6111111111111112,0.6111111111111112
562,90,90,0.5444444444444444,0.5444444444444444
563,90,90,0.5888888888888889,0.5888888888888889
564,90,90,0.6222222222222222,0.6222222222222222
565,90,90,0.5777777777777777,0.5777777777777778
566,90,90,0.6222222222222222,0.6222222222222221
567,90,90,0.5666666666666667,0.5666666666666668
568,90,90,0.5333333333333333,0.5333333333333333
569,90,90,0.5888888888888889,0.5888888888888889
570,90,90,0.6222222222222222,0.6222222222222222
571,90,90,0.6111111111111112,0.6111111111111112
572,90,90,0.6111111111111112,0.611111111111111
573,90,90,0.5555555555555556,0.5555555555555555
574,90,90,0.5888888888888889,0.5888888888888889
575,90,90,0.5888888888888889,0.5888888888888889
576,90,90,0.5888888888888889,0.5888888888888889
577,90,90,0.5444444444444444,0.5444444444444444
578,90,90,0.5777777777777777,0.5777777777777778
579,90,90,0.5666666666666667,0.5666666666666668
580,90,90,0.6111111111111112,0.6111111111111112
581,90,90,0.4666666666666667,0.4666666666666666
582,90,90,0.5666666666666667,0.5666666666666667
583,90,90,0.6,0.6
584,90,90,0.6,0.6
585,90,90,0.5444444444444444,0.5444444444444444
586,90,90,0.6333333333333333,0.6333333333333333
587,90,90,0.5444444444444444,0.5444444444444444
588,90,90,0.5111111111111111,0.5111111111111112
589,90,90,0.4888888888888889,0.48888888888888893
590,90,90,0.5666666666666667,0.5666666666666668
591,90,90,0.6444444444444445,0.6444444444444445
592,90,90,0.5444444444444444,0.5444444444444445
593,90,90,0.5444444444444444,0.5444444444444444
594,90,90,0.6111111111111112,0.611111111111111
595,90,90,0.5444444444444444,0.5444444444444444
596,90,90,0.5444444444444444,0.5444444444444444
597,90,90,0.5555555555555556,0.5555555555555556
598,90,90,0.6111111111111112,0.611111111111111
599,90,90,0.5888888888888889,0.5888888888888889
600,90,90,0.5888888888888889,0.5888888888888889
601,90,90,0.6111111111111112,0.611111111111111
602,90,90,0.6444444444444445,0.6444444444444444
603,90,90,0.5222222222222223,0.5222222222222223
604,90,90,0.6,0.6
605,90,90,0.5111111111111111,0.5111111111111111
606,90,90,0.4777777777777778,0.4777777777777777
607,90,90,0.4888888888888889,0.4888888888888889
608,90,90,0.5555555555555556,0.5555555555555555
609,90,90,0.6333333333333333,0.6333333333333333
610,90,90,0.5444444444444444,0.5444444444444444
611,90,90,0.5444444444444444,0.5444444444444444
612,90,90,0.5555555555555556,0.5555555555555556
613,90,90,0.5888888888888889,0.5888888888888889
614,90,90,0.5444444444444444,0.5444444444444444
615,90,90,0.6,0.6
616,90,90,0.5555555555555556,0.5555555555555555
617,90,90,0.7111111111111111,0.7111111111111111
618,90,90,0.5222222222222223,0.5222222222222223
619,90,90,0.5555555555555556,0.5555555555555555
620,90,90,0.6888888888888889,0.6888888888888888
621,90,90,0.6,0.6
622,90,90,0.6222222222222222,0.6222222222222222
623,90,90,0.5777777777777777,0.5777777777777777
624,90,90,0.5555555555555556,0.5555555555555556
625,90,90,0.5222222222222223,0.5222222222222223
626,90,90,0.6111111111111112,0.611111111111111
627,90,90,0.5222222222222223,0.5222222222222223
628,90,90,0.6,0.6
629,90,90,0.6333333333333333,0.6333333333333333
630,90,90,0.5222222222222223,0.5222222222222223
631,90,90,0.6444444444444445,0.6444444444444444
632,90,90,0.5,0.5
633,90,90,0.6222222222222222,0.6222222222222222
634,90,90,0.6,0.6
635,90,90,0.5888888888888889,0.5888888888888889
636,90,90,0.6444444444444445,0.6444444444444444
637,90,90,0.5555555555555556,0.5555555555555555
638,90,90,0.6,0.6000000000000001
639,90,90,0.5555555555555556,0.5555555555555555
640,90,90,0.5777777777777777,0.5777777777777778
641,90,90,0.6,0.6
642,90,90,0.6777777777777778,0.6777777777777777
643,90,90,0.5888888888888889,0.5888888888888889
644,90,90,0.6,0.6
645,90,90,0.5888888888888889,0.5888888888888889
646,90,90,0.5666666666666667,0.5666666666666668
647,90,90,0.6333333333333333,0.6333333333333333
648,90,90,0.5666666666666667,0.5666666666666667
649,90,90,0.5888888888888889,0.5888888888888889
650,90,90,0.4888888888888889,0.4888888888888889
651,90,90,0.5777777777777777,0.5777777777777778
652,90,90,0.5666666666666667,0.5666666666666667
653,90,90,0.6333333333333333,0.6333333333333334
654,90,90,0.4777777777777778,0.4777777777777778
655,90,90,0.5777777777777777,0.5777777777777778
656,90,90,0.5777777777777777,0.5777777777777777
657,90,90,0.5777777777777777,0.5777777777777778
658,90,90,0.6222222222222222,0.6222222222222222
659,90,90,0.6555555555555556,0.6555555555555556
660,90,90,0.6333333333333333,0.6333333333333333
661,90,90,0.5111111111111111,0.5111111111111111
662,90,90,0.6666666666666666,0.6666666666666666
663,90,90,0.5777777777777777,0.5777777777777777
664,90,90,0.6111111111111112,0.6111111111111112
665,90,90,0.6444444444444445,0.6444444444444444
666,90,90,0.5666666666666667,0.5666666666666667
667,90,90,0.5666666666666667,0.5666666666666665
668,90,90,0.5888888888888889,0.5888888888888889
669,90,90,0.5666666666666667,0.5666666666666668
670,90,90,0.5111111111111111,0.5111111111111111
671,90,90,0.5333333333333333,0.5333333333333333
672,90,90,0.5,0.5
673,90,90,0.5444444444444444,0.5444444444444444
674,90,90,0.6444444444444445,0.6444444444444445
675,90,90,0.6,0.6000000000000001
676,90,90,0.5888888888888889,0.5888888888888889
677,90,90,0.5777777777777777,0.5777777777777778
678,90,90,0.5888888888888889,0.5888888888888889
679,90,90,0.5333333333333333,0.5333333333333333
680,90,90,0.5777777777777777,0.5777777777777778
681,90,90,0.6,0.6000000000000001
682,90,90,0.6555555555555556,0.6555555555555556
683,90,90,0.5777777777777777,0.5777777777777778
684,90,90,0.5555555555555556,0.5555555555555556
685,90,90,0.6,0.6000000000000001
686,90,90,0.5444444444444444,0.5444444444444444
687,90,90,0.5666666666666667,0.5666666666666668
688,90,90,0.5666666666666667,0.5666666666666668
689,90,90,0.6333333333333333,0.6333333333333333
690,90,90,0.5555555555555556,0.5555555555555555
691,90,90,0.5888888888888889,0.5888888888888889
692,90,90,0.5888888888888889,0.5888888888888889
693,90,90,0.5777777777777777,0.5777777777777778
694,90,90,0.5222222222222223,0.5222222222222223
695,90,90,0.6,0.6
696,90,90,0.6666666666666666,0.6666666666666666
697,90,90,0.5666666666666667,0.5666666666666668
698,90,90,0.5555555555555556,0.5555555555555556
699,90,90,0.6222222222222222,0.6222222222222222
700,90,90,0.6111111111111112,0.6111111111111112
701,90,90,0.5666666666666667,0.5666666666666667
702,90,90,0.6,0.6
703,90,90,0.5666666666666667,0.5666666666666667
704,90,90,0.5444444444444444,0.5444444444444444
705,90,90,0.5222222222222223,0.5222222222222221
706,90,90,0.6222222222222222,0.6222222222222221
707,90,90,0.5333333333333333,0.5333333333333333
708,90,90,0.5777777777777777,0.5777777777777778
709,90,90,0.4888888888888889,0.4888888888888889
710,90,90,0.5444444444444444,0.5444444444444444
711,90,90,0.6,0.6
712,90,90,0.6,0.6
713,90,90,0.6222222222222222,0.6222222222222222
714,90,90,0.5777777777777777,0.5777777777777778
715,90,90,0.5666666666666667,0.5666666666666667
716,90,90,0.5111111111111111,0.5111111111111111
717,90,90,0.6222222222222222,0.6222222222222221
718,90,90,0.5333333333333333,0.5333333333333333
719,90,90,0.6,0.6000000000000001
720,90,90,0.5444444444444444,0.5444444444444444
721,90,90,0.5555555555555556,0.5555555555555555
722,90,90,0.5888888888888889,0.5888888888888889
723,90,90,0.6333333333333333,0.6333333333333333
724,90,90,0.5222222222222223,0.5222222222222223
725,90,90,0.5777777777777777,0.5777777777777778
726,90,90,0.5777777777777777,0.5777777777777778
727,90,90,0.5777777777777777,0.5777777777777778
728,90,90,0.5777777777777777,0.5777777777777778
729,90,90,0.4777777777777778,0.4777777777777778
730,90,90,0.5666666666666667,0.5666666666666667
731,90,90,0.5333333333333333,0.5333333333333333
732,90,90,0.5777777777777777,0.5777777777777778
733,90,90,0.5222222222222223,0.5222222222222223
734,90,90,0.6222222222222222,0.6222222222222222
735,90,90,0.6333333333333333,0.6333333333333333
736,90,90,0.5666666666666667,0.5666666666666667
737,90,90,0.5888888888888889,0.5888888888888889
738,90,90,0.5777777777777777,0.5777777777777777
739,90,90,0.5111111111111111,0.5111111111111111
740,90,90,0.5888888888888889,0.5888888888888889
741,90,90,0.5222222222222223,0.5222222222222223
742,90,90,0.6111111111111112,0.611111111111111
743,90,90,0.6666666666666666,0.6666666666666666
744,90,90,0.6222222222222222,0.6222222222222222
745,90,90,0.6333333333333333,0.6333333333333333
746,90,90,0.6777777777777778,0.6777777777777777
747,90,90,0.5111111111111111,0.5111111111111112
748,90,90,0.6222222222222222,0.6222222222222222
749,90,90,0.5666666666666667,0.5666666666666668
750,90,90,0.5333333333333333,0.5333333333333333
751,90,90,0.5888888888888889,0.5888888888888889
752,90,90,0.6111111111111112,0.6111111111111112
753,90,90,0.6,0.6
754,90,90,0.6222222222222222,0.6222222222222222
755,90,90,0.5222222222222223,0.5222222222222223
756,90,90,0.6333333333333333,0.6333333333333333
757,90,90,0.5888888888888889,0.5888888888888889
758,90,90,0.6444444444444445,0.6444444444444445
759,90,90,0.6333333333333333,0.6333333333333333
760,90,90,0.5666666666666667,0.5666666666666667
761,90,90,0.5444444444444444,0.5444444444444444
762,90,90,0.5444444444444444,0.5444444444444444
763,90,90,0.6555555555555556,0.6555555555555556
764,90,90,0.6111111111111112,0.611111111111111
765,90,90,0.5666666666666667,0.5666666666666668
766,90,90,0.6333333333333333,0.6333333333333334
767,90,90,0.5777777777777777,0.5777777777777778
768,90,90,0.5777777777777777,0.5777777777777778
769,90,90,0.6,0.6
770,90,90,0.5111111111111111,0.5111111111111112
771,90,90,0.6111111111111112,0.6111111111111112
772,90,90,0.5333333333333333,0.5333333333333333
773,90,90,0.5333333333333333,0.5333333333333333
774,90,90,0.7444444444444445,0.7444444444444445
775,90,90,0.5666666666666667,0.5666666666666667
776,90,90,0.5666666666666667,0.5666666666666668
777,90,90,0.5888888888888889,0.5888888888888889
778,90,90,0.6555555555555556,0.6555555555555556
779,90,90,0.5666666666666667,0.5666666666666668
780,90,90,0.5666666666666667,0.5666666666666668
781,90,90,0.6,0.6000000000000001
782,90,90,0.6222222222222222,0.6222222222222222
783,90,90,0.6,0.6
784,90,90,0.6333333333333333,0.6333333333333333
785,90,90,0.5666666666666667,0.5666666666666668
786,90,90,0.5777777777777777,0.5777777777777778
787,90,90,0.5777777777777777,0.5777777777777778
788,90,90,0.6333333333333333,0.6333333333333333
789,90,90,0.6111111111111112,0.611111111111111
790,90,90,0.6222222222222222,0.6222222222222222
791,90,90,0.5888888888888889,0.5888888888888889
792,90,90,0.5444444444444444,0.5444444444444444
793,90,90,0.5111111111111111,0.5111111111111111
794,90,90,0.6333333333333333,0.6333333333333333
795,90,90,0.5,0.5
796,90,90,0.6,0.6
797,90,90,0.5111111111111111,0.5111111111111112
798,90,90,0.5444444444444444,0.5444444444444444
799,90,90,0.5888888888888889,0.5888888888888889
800,90,90,0.6333333333333333,0.6333333333333333
801,90,90,0.5555555555555556,0.5555555555555556
802,90,90,0.5888888888888889,0.5888888888888889
803,90,90,0.5777777777777777,0.5777777777777778
804,90,90,0.6111111111111112,0.611111111111111
805,90,90,0.5888888888888889,0.5888888888888889
806,90,90,0.5666666666666667,0.5666666666666668
807,90,90,0.5333333333333333,0.5333333333333333
808,90,90,0.6555555555555556,0.6555555555555556
809,90,90,0.5888888888888889,0.5888888888888889
810,90,90,0.5333333333333333,0.5333333333333333
811,90,90,0.5888888888888889,0.5888888888888889
812,90,90,0.5666666666666667,0.5666666666666668
813,90,90,0.5666666666666667,0.5666666666666667
814,90,90,0.5666666666666667,0.5666666666666668
815,90,90,0.6,0.6
816,90,90,0.5222222222222223,0.5222222222222223
817,90,90,0.5777777777777777,0.5777777777777778
818,90,90,0.5666666666666667,0.5666666666666667
819,90,90,0.5333333333333333,0.5333333333333333
820,90,90,0.6111111111111112,0.6111111111111112
821,90,90,0.5777777777777777,0.5777777777777778
822,90,90,0.5888888888888889,0.5888888888888889
823,90,90,0.5888888888888889,0.5888888888888889
824,90,90,0.5888888888888889,0.5888888888888889
825,90,90,0.5444444444444444,0.5444444444444444
826,90,90,0.5777777777777777,0.5777777777777777
827,90,90,0.5777777777777777,0.5777777777777778
828,90,90,0.5555555555555556,0.5555555555555556
829,90,90,0.6333333333333333,0.6333333333333333
830,90,90,0.5444444444444444,0.5444444444444444
831,90,90,0.6111111111111112,0.6111111111111112
832,90,90,0.5555555555555556,0.5555555555555557
833,90,90,0.6222222222222222,0.6222222222222222
834,90,90,0.6,0.6
835,90,90,0.6444444444444445,0.6444444444444445
836,90,90,0.6777777777777778,0.6777777777777777
837,90,90,0.5444444444444444,0.5444444444444444
838,90,90,0.5666666666666667,0.5666666666666667
839,90,90,0.5777777777777777,0.5777777777777778
840,90,90,0.5555555555555556,0.5555555555555555
841,90,90,0.5555555555555556,0.5555555555555555
842,90,90,0.5777777777777777,0.5777777777777777
843,90,90,0.5444444444444444,0.5444444444444444
844,90,90,0.5333333333333333,0.5333333333333333
845,90,90,0.6555555555555556,0.6555555555555556
846,90,90,0.5777777777777777,0.5777777777777778
847,90,90,0.5444444444444444,0.5444444444444444
848,90,90,0.5222222222222223,0.5222222222222223
849,90,90,0.5,0.5
850,90,90,0.6,0.6000000000000001
851,90,90,0.5555555555555556,0.5555555555555556
852,90,90,0.5555555555555556,0.5555555555555556
853,90,90,0.6,0.6
854,90,90,0.4777777777777778,0.4777777777777778
855,90,90,0.5555555555555556,0.5555555555555556
856,90,90,0.5666666666666667,0.5666666666666667
857,90,90,0.5777777777777777,0.5777777777777778
858,90,90,0.6444444444444445,0.6444444444444445
859,90,90,0.4888888888888889,0.4888888888888889
860,90,90,0.5666666666666667,0.5666666666666668
861,90,90,0.6,0.6
862,90,90,0.5111111111111111,0.5111111111111111
863,90,90,0.5666666666666667,0.5666666666666668
864,90,90,0.5666666666666667,0.5666666666666665
865,90,90,0.5555555555555556,0.5555555555555555
866,90,90,0.5777777777777777,0.5777777777777778
867,90,90,0.6888888888888889,0.688888888888889
868,90,90,0.5555555555555556,0.5555555555555556
869,90,90,0.5777777777777777,0.5777777777777778
870,90,90,0.5666666666666667,0.5666666666666668
871,90,90,0.5777777777777777,0.5777777777777777
872,90,90,0.5888888888888889,0.5888888888888889
873,90,90,0.5666666666666667,0.5666666666666668
874,90,90,0.6222222222222222,0.6222222222222222
875,90,90,0.5666666666666667,0.5666666666666667
876,90,90,0.6111111111111112,0.6111111111111112
877,90,90,0.6444444444444445,0.6444444444444444
878,90,90,0.6111111111111112,0.6111111111111112
879,90,90,0.5777777777777777,0.5777777777777778
880,90,90,0.5444444444444444,0.5444444444444444
881,90,90,0.5333333333333333,0.5333333333333333
882,90,90,0.5111111111111111,0.5111111111111112
883,90,90,0.6222222222222222,0.6222222222222222
884,90,90,0.5888888888888889,0.5888888888888889
885,90,90,0.6222222222222222,0.6222222222222221
886,90,90,0.5888888888888889,0.5888888888888889
887,90,90,0.5222222222222223,0.5222222222222221
888,90,90,0.5555555555555556,0.5555555555555557
889,90,90,0.6111111111111112,0.611111111111111
890,90,90,0.5888888888888889,0.5888888888888889
891,90,90,0.5333333333333333,0.5333333333333333
892,90,90,0.5444444444444444,0.5444444444444444
893,90,90,0.5777777777777777,0.5777777777777778
894,90,90,0.5333333333333333,0.5333333333333333
895,90,90,0.6,0.6
896,90,90,0.5555555555555556,0.5555555555555555
897,90,90,0.5555555555555556,0.5555555555555555
898,90,90,0.5666666666666667,0.5666666666666667
899,90,90,0.5666666666666667,0.5666666666666665
900,90,90,0.6444444444444445,0.6444444444444444
901,90,90,0.5555555555555556,0.5555555555555555
902,90,90,0.5444444444444444,0.5444444444444444
903,90,90,0.6,0.6
904,90,90,0.6,0.6
905,90,90,0.6222222222222222,0.6222222222222222
906,90,90,0.5888888888888889,0.5888888888888889
907,90,90,0.5666666666666667,0.5666666666666668
908,90,90,0.5888888888888889,0.5888888888888889
909,90,90,0.6444444444444445,0.6444444444444445
910,90,90,0.5555555555555556,0.5555555555555556
911,90,90,0.5,0.5
912,90,90,0.5444444444444444,0.5444444444444444
913,90,90,0.5555555555555556,0.5555555555555557
914,90,90,0.5555555555555556,0.5555555555555556
915,90,90,0.6222222222222222,0.6222222222222222
916,90,90,0.5888888888888889,0.5888888888888889
917,90,90,0.5333333333333333,0.5333333333333333
918,90,90,0.5888888888888889,0.5888888888888889
919,90,90,0.5777777777777777,0.5777777777777778
920,90,90,0.6111111111111112,0.611111111111111
921,90,90,0.5111111111111111,0.5111111111111111
922,90,90,0.5888888888888889,0.5888888888888889
923,90,90,0.5666666666666667,0.5666666666666665
924,90,90,0.6333333333333333,0.6333333333333334
925,90,90,0.5666666666666667,0.5666666666666668
926,90,90,0.6111111111111112,0.6111111111111112
927,90,90,0.5222222222222223,0.5222222222222223
928,90,90,0.6444444444444445,0.6444444444444445
929,90,90,0.5222222222222223,0.5222222222222221
930,90,90,0.6333333333333333,0.6333333333333333
931,90,90,0.5777777777777777,0.5777777777777778
932,90,90,0.5,0.5
933,90,90,0.6333333333333333,0.6333333333333334
934,90,90,0.6222222222222222,0.6222222222222222
935,90,90,0.5444444444444444,0.5444444444444444
936,90,90,0.5555555555555556,0.5555555555555555
937,90,90,0.5222222222222223,0.5222222222222223
938,90,90,0.6555555555555556,0.6555555555555556
939,90,90,0.5777777777777777,0.5777777777777778
940,90,90,0.6333333333333333,0.6333333333333333
941,90,90,0.5333333333333333,0.5333333333333333
942,90,90,0.5666666666666667,0.5666666666666667
943,90,90,0.6,0.6
944,90,90,0.6,0.6000000000000001
945,90,90,0.5888888888888889,0.5888888888888889
946,90,90,0.6333333333333333,0.6333333333333333
947,90,90,0.5111111111111111,0.5111111111111111
948,90,90,0.4444444444444444,0.4444444444444444
949,90,90,0.6,0.6
950,90,90,0.5777777777777777,0.5777777777777778
951,90,90,0.5555555555555556,0.5555555555555556
952,90,90,0.5888888888888889,0.5888888888888889
953,90,90,0.5666666666666667,0.5666666666666667
954,90,90,0.6,0.6
955,90,90,0.5777777777777777,0.5777777777777778
956,90,90,0.6111111111111112,0.6111111111111112
957,90,90,0.4888888888888889,0.4888888888888889
958,90,90,0.6111111111111112,0.611111111111111
959,90,90,0.6111111111111112,0.6111111111111112
960,90,90,0.5777777777777777,0.5777777777777778
961,90,90,0.5555555555555556,0.5555555555555556
962,90,90,0.5666666666666667,0.5666666666666668
963,90,90,0.5444444444444444,0.5444444444444444
964,90,90,0.6222222222222222,0.6222222222222222
965,90,90,0.6,0.6
966,90,90,0.6444444444444445,0.6444444444444444
967,90,90,0.6444444444444445,0.6444444444444444
968,90,90,0.5111111111111111,0.5111111111111112
969,90,90,0.5666666666666667,0.5666666666666665
970,90,90,0.5666666666666667,0.5666666666666667
971,90,90,0.6444444444444445,0.6444444444444445
972,90,90,0.5888888888888889,0.5888888888888889
973,90,90,0.6,0.6000000000000001
974,90,90,0.6555555555555556,0.6555555555555556
975,90,90,0.5777777777777777,0.5777777777777778
976,90,90,0.6777777777777778,0.6777777777777777
977,90,90,0.5222222222222223,0.5222222222222223
978,90,90,0.6111111111111112,0.611111111111111
979,90,90,0.6333333333333333,0.6333333333333334
980,90,90,0.5777777777777777,0.5777777777777777
981,90,90,0.5888888888888889,0.5888888888888889
982,90,90,0.6111111111111112,0.611111111111111
983,90,90,0.5555555555555556,0.5555555555555556
984,90,90,0.5777777777777777,0.5777777777777778
985,90,90,0.5222222222222223,0.5222222222222223
986,90,90,0.5444444444444444,0.5444444444444444
987,90,90,0.5666666666666667,0.5666666666666667
988,90,90,0.6444444444444445,0.6444444444444445
989,90,90,0.6444444444444445,0.6444444444444445
990,90,90,0.5333333333333333,0.5333333333333333
991,90,90,0.5666666666666667,0.5666666666666668
992,90,90,0.5555555555555556,0.5555555555555555
993,90,90,0.6222222222222222,0.6222222222222222
994,90,90,0.6,0.6
995,90,90,0.5444444444444444,0.5444444444444444
996,90,90,0.5444444444444444,0.5444444444444444
997,90,90,0.6,0.6
998,90,90,0.5222222222222223,0.5222222222222223
999,90,90,0.5666666666666667,0.5666666666666668
