resample_index,train_n,test_n,accuracy,balanced_accuracy
0,360,180,0.49444444444444446,0.4944444444444444
1,360,180,0.4444444444444444,0.4444444444444444
2,360,180,0.45,0.44999999999999996
3,360,180,0.48333333333333334,0.48333333333333334
4,360,180,0.42777777777777776,0.42777777777777776
5,360,180,0.4888888888888889,0.4888888888888889
6,360,180,0.46111111111111114,0.4611111111111111
7,360,180,0.5055555555555555,0.5055555555555555
8,360,180,0.4888888888888889,0.4888888888888889
9,360,180,0.45555555555555555,0.4555555555555555
10,360,180,0.42777777777777776,0.42777777777777776
11,360,180,0.45,0.44999999999999996
12,360,180,0.45,0.45
13,360,180,0.4888888888888889,0.4888888888888889
14,360,180,0.45,0.45
15,360,180,0.5277777777777778,0.5277777777777778
16,360,180,0.4388888888888889,0.4388888888888889
17,360,180,0.5166666666666667,0.5166666666666666
18,360,180,0.4666666666666667,0.4666666666666666
19,360,180,0.43333333333333335,0.43333333333333335
20,360,180,0.4666666666666667,0.46666666666666673
21,360,180,0.4888888888888889,0.4888888888888889
22,360,180,0.45555555555555555,0.45555555555555555
23,360,180,0.5166666666666667,0.5166666666666666
24,360,180,0.4777777777777778,0.47777777777777786
25,360,180,0.42777777777777776,0.42777777777777776
26,360,180,0.49444444444444446,0.49444444444444446
27,360,180,0.45555555555555555,0.45555555555555555
28,360,180,0.5,0.5
29,360,180,0.46111111111111114,0.4611111111111111
30,360,180,0.4888888888888889,0.48888888888888893
31,360,180,0.5,0.5
32,360,180,0.4722222222222222,0.47222222222222215
33,360,180,0.45555555555555555,0.45555555555555555
34,360,180,0.45555555555555555,0.45555555555555555
35,360,180,0.4444444444444444,0.4444444444444444
36,360,180,0.4722222222222222,0.47222222222222227
37,360,180,0.43333333333333335,0.43333333333333335
38,360,180,0.49444444444444446,0.49444444444444446
39,360,180,0.5222222222222223,0.5222222222222223
40,360,180,0.4888888888888889,0.4888888888888889
41,360,180,0.46111111111111114,0.4611111111111111
42,360,180,0.46111111111111114,0.4611111111111111
43,360,180,0.4666666666666667,0.4666666666666666
44,360,180,0.4722222222222222,0.47222222222222215
45,360,180,0.45555555555555555,0.4555555555555555
46,360,180,0.4166666666666667,0.4166666666666667
47,360,180,0.46111111111111114,0.4611111111111112
48,360,180,0.4388888888888889,0.43888888888888883
49,360,180,0.45,0.44999999999999996
50,360,180,0.4722222222222222,0.47222222222222227
51,360,180,0.5277777777777778,0.5277777777777777
52,360,180,0.42777777777777776,0.42777777777777776
53,360,180,0.4888888888888889,0.4888888888888889
54,360,180,0.48333333333333334,0.48333333333333334
55,360,180,0.5444444444444444,0.5444444444444444
56,360,180,0.4666666666666667,0.4666666666666666
57,360,180,0.4777777777777778,0.4777777777777778
58,360,180,0.5166666666666667,0.5166666666666666
59,360,180,0.4722222222222222,0.47222222222222215
60,360,180,0.5111111111111111,0.5111111111111111
61,360,180,0.45555555555555555,0.45555555555555555
62,360,180,0.4666666666666667,0.4666666666666666
63,360,180,0.5,0.5
64,360,180,0.4666666666666667,0.4666666666666666
65,360,180,0.48333333333333334,0.48333333333333334
66,360,180,0.4166666666666667,0.4166666666666667
67,360,180,0.45,0.45
68,360,180,0.4444444444444444,0.4444444444444445
69,360,180,0.4444444444444444,0.4444444444444445
70,360,180,0.4722222222222222,0.47222222222222215
71,360,180,0.40555555555555556,0.4055555555555555
72,360,180,0.45,0.45
73,360,180,0.5055555555555555,0.5055555555555555
74,360,180,0.4444444444444444,0.4444444444444445
75,360,180,0.49444444444444446,0.4944444444444444
76,360,180,0.4777777777777778,0.4777777777777778
77,360,180,0.5055555555555555,0.5055555555555555
78,360,180,0.4888888888888889,0.4888888888888889
79,360,180,0.5222222222222223,0.5222222222222223
80,360,180,0.5055555555555555,0.5055555555555555
81,360,180,0.4444444444444444,0.4444444444444444
82,360,180,0.5,0.5
83,360,180,0.4666666666666667,0.46666666666666673
84,360,180,0.5,0.5
85,360,180,0.40555555555555556,0.4055555555555556
86,360,180,0.4111111111111111,0.41111111111111115
87,360,180,0.4444444444444444,0.4444444444444445
88,360,180,0.48333333333333334,0.48333333333333334
89,360,180,0.40555555555555556,0.4055555555555556
90,360,180,0.48333333333333334,0.48333333333333334
91,360,180,0.4722222222222222,0.47222222222222227
92,360,180,0.4444444444444444,0.4444444444444444
93,360,180,0.4111111111111111,0.41111111111111104
94,360,180,0.4388888888888889,0.4388888888888889
95,360,180,0.4888888888888889,0.4888888888888889
96,360,180,0.5055555555555555,0.5055555555555555
97,360,180,0.5166666666666667,0.5166666666666667
98,360,180,0.46111111111111114,0.4611111111111111
99,360,180,0.45,0.45
100,360,180,0.45555555555555555,0.45555555555555555
101,360,180,0.4777777777777778,0.4777777777777777
102,360,180,0.4777777777777778,0.4777777777777778
103,360,180,0.5055555555555555,0.5055555555555555
104,360,180,0.4444444444444444,0.4444444444444444
105,360,180,0.43333333333333335,0.4333333333333333
106,360,180,0.4666666666666667,0.4666666666666666
107,360,180,0.43333333333333335,0.43333333333333335
108,360,180,0.4388888888888889,0.4388888888888889
109,360,180,0.42777777777777776,0.42777777777777776
110,360,180,0.45555555555555555,0.45555555555555555
111,360,180,0.43333333333333335,0.4333333333333333
112,360,180,0.5055555555555555,0.5055555555555555
113,360,180,0.42777777777777776,0.42777777777777776
114,360,180,0.37777777777777777,0.37777777777777777
115,360,180,0.4888888888888889,0.48888888888888893
116,360,180,0.46111111111111114,0.461111111111111
117,360,180,0.45,0.45
118,360,180,0.48333333333333334,0.4833333333333332
119,360,180,0.4722222222222222,0.47222222222222227
120,360,180,0.4388888888888889,0.4388888888888889
121,360,180,0.5388888888888889,0.5388888888888889
122,360,180,0.4777777777777778,0.4777777777777778
123,360,180,0.39444444444444443,0.39444444444444443
124,360,180,0.4166666666666667,0.4166666666666667
125,360,180,0.4388888888888889,0.4388888888888889
126,360,180,0.4388888888888889,0.4388888888888889
127,360,180,0.45,0.44999999999999996
128,360,180,0.48333333333333334,0.4833333333333332
129,360,180,0.4444444444444444,0.4444444444444444
130,360,180,0.4166666666666667,0.4166666666666667
131,360,180,0.45555555555555555,0.4555555555555555
132,360,180,0.5055555555555555,0.5055555555555555
133,360,180,0.45555555555555555,0.45555555555555555
134,360,180,0.43333333333333335,0.43333333333333335
135,360,180,0.4222222222222222,0.4222222222222222
136,360,180,0.48333333333333334,0.48333333333333334
137,360,180,0.49444444444444446,0.4944444444444444
138,360,180,0.45,0.44999999999999996
139,360,180,0.4166666666666667,0.4166666666666667
140,360,180,0.4722222222222222,0.47222222222222215
141,360,180,0.48333333333333334,0.48333333333333334
142,360,180,0.45,0.44999999999999996
143,360,180,0.42777777777777776,0.4277777777777778
144,360,180,0.42777777777777776,0.42777777777777776
145,360,180,0.45555555555555555,0.4555555555555555
146,360,180,0.45,0.44999999999999996
147,360,180,0.4166666666666667,0.4166666666666667
148,360,180,0.4777777777777778,0.4777777777777778
149,360,180,0.48333333333333334,0.48333333333333334
150,360,180,0.43333333333333335,0.43333333333333335
151,360,180,0.45,0.44999999999999996
152,360,180,0.46111111111111114,0.4611111111111111
153,360,180,0.4666666666666667,0.4666666666666666
154,360,180,0.5,0.5
155,360,180,0.46111111111111114,0.4611111111111111
156,360,180,0.38333333333333336,0.3833333333333333
157,360,180,0.4722222222222222,0.47222222222222227
158,360,180,0.5222222222222223,0.5222222222222221
159,360,180,0.4888888888888889,0.4888888888888889
160,360,180,0.4666666666666667,0.4666666666666666
161,360,180,0.4388888888888889,0.43888888888888883
162,360,180,0.45,0.44999999999999996
163,360,180,0.4111111111111111,0.41111111111111115
164,360,180,0.4888888888888889,0.4888888888888889
165,360,180,0.46111111111111114,0.4611111111111112
166,360,180,0.4388888888888889,0.4388888888888889
167,360,180,0.48333333333333334,0.48333333333333334
168,360,180,0.46111111111111114,0.4611111111111111
169,360,180,0.4777777777777778,0.4777777777777778
170,360,180,0.45555555555555555,0.45555555555555555
171,360,180,0.42777777777777776,0.42777777777777776
172,360,180,0.45,0.44999999999999996
173,360,180,0.37777777777777777,0.37777777777777777
174,360,180,0.46111111111111114,0.4611111111111111
175,360,180,0.4722222222222222,0.47222222222222215
176,360,180,0.4888888888888889,0.48888888888888893
177,360,180,0.4777777777777778,0.4777777777777778
178,360,180,0.42777777777777776,0.42777777777777776
179,360,180,0.4166666666666667,0.4166666666666667
180,360,180,0.4444444444444444,0.4444444444444445
181,360,180,0.4722222222222222,0.47222222222222215
182,360,180,0.5444444444444444,0.5444444444444444
183,360,180,0.5111111111111111,0.5111111111111112
184,360,180,0.45,0.44999999999999996
185,360,180,0.46111111111111114,0.4611111111111111
186,360,180,0.45,0.44999999999999996
187,360,180,0.46111111111111114,0.4611111111111111
188,360,180,0.5055555555555555,0.5055555555555555
189,360,180,0.5111111111111111,0.5111111111111111
190,360,180,0.42777777777777776,0.4277777777777778
191,360,180,0.42777777777777776,0.42777777777777776
192,360,180,0.4444444444444444,0.4444444444444444
193,360,180,0.37777777777777777,0.37777777777777777
194,360,180,0.4166666666666667,0.4166666666666667
195,360,180,0.5,0.5
196,360,180,0.4888888888888889,0.4888888888888889
197,360,180,0.43333333333333335,0.4333333333333333
198,360,180,0.4722222222222222,0.47222222222222227
199,360,180,0.4666666666666667,0.4666666666666666
200,360,180,0.4777777777777778,0.4777777777777777
201,360,180,0.43333333333333335,0.43333333333333335
202,360,180,0.49444444444444446,0.49444444444444446
203,360,180,0.5055555555555555,0.5055555555555555
204,360,180,0.45555555555555555,0.45555555555555555
205,360,180,0.42777777777777776,0.42777777777777776
206,360,180,0.4388888888888889,0.4388888888888889
207,360,180,0.4777777777777778,0.4777777777777778
208,360,180,0.5055555555555555,0.5055555555555555
209,360,180,0.4777777777777778,0.4777777777777778
210,360,180,0.4222222222222222,0.4222222222222222
211,360,180,0.4444444444444444,0.4444444444444444
212,360,180,0.4444444444444444,0.4444444444444445
213,360,180,0.4166666666666667,0.4166666666666667
214,360,180,0.45,0.45
215,360,180,0.49444444444444446,0.49444444444444446
216,360,180,0.5055555555555555,0.5055555555555555
217,360,180,0.5166666666666667,0.5166666666666666
218,360,180,0.4111111111111111,0.41111111111111115
219,360,180,0.46111111111111114,0.4611111111111111
220,360,180,0.42777777777777776,0.42777777777777776
221,360,180,0.43333333333333335,0.4333333333333333
222,360,180,0.5611111111111111,0.561111111111111
223,360,180,0.45,0.45
224,360,180,0.4777777777777778,0.4777777777777778
225,360,180,0.4444444444444444,0.4444444444444445
226,360,180,0.48333333333333334,0.48333333333333334
227,360,180,0.45,0.44999999999999996
228,360,180,0.43333333333333335,0.4333333333333333
229,360,180,0.5055555555555555,0.5055555555555555
230,360,180,0.48333333333333334,0.48333333333333334
231,360,180,0.46111111111111114,0.4611111111111111
232,360,180,0.45,0.45
233,360,180,0.4722222222222222,0.47222222222222215
234,360,180,0.49444444444444446,0.49444444444444446
235,360,180,0.5,0.5
236,360,180,0.46111111111111114,0.4611111111111111
237,360,180,0.4666666666666667,0.4666666666666666
238,360,180,0.4777777777777778,0.4777777777777777
239,360,180,0.43333333333333335,0.43333333333333335
240,360,180,0.4722222222222222,0.47222222222222215
241,360,180,0.4777777777777778,0.4777777777777777
242,360,180,0.43333333333333335,0.4333333333333333
243,360,180,0.46111111111111114,0.4611111111111111
244,360,180,0.40555555555555556,0.4055555555555556
245,360,180,0.4777777777777778,0.4777777777777777
246,360,180,0.4222222222222222,0.4222222222222222
247,360,180,0.42777777777777776,0.42777777777777776
248,360,180,0.40555555555555556,0.4055555555555556
249,360,180,0.45555555555555555,0.45555555555555555
250,360,180,0.45,0.45
251,360,180,0.48333333333333334,0.4833333333333332
252,360,180,0.42777777777777776,0.42777777777777776
253,360,180,0.48333333333333334,0.48333333333333334
254,360,180,0.46111111111111114,0.4611111111111111
255,360,180,0.4666666666666667,0.4666666666666666
256,360,180,0.42777777777777776,0.42777777777777776
257,360,180,0.5166666666666667,0.5166666666666667
258,360,180,0.49444444444444446,0.4944444444444444
259,360,180,0.4666666666666667,0.46666666666666673
260,360,180,0.4888888888888889,0.4888888888888889
261,360,180,0.4666666666666667,0.4666666666666666
262,360,180,0.46111111111111114,0.4611111111111111
263,360,180,0.4666666666666667,0.4666666666666666
264,360,180,0.4166666666666667,0.4166666666666667
265,360,180,0.4444444444444444,0.4444444444444444
266,360,180,0.4388888888888889,0.43888888888888883
267,360,180,0.4111111111111111,0.41111111111111115
268,360,180,0.4166666666666667,0.4166666666666667
269,360,180,0.49444444444444446,0.49444444444444446
270,360,180,0.5111111111111111,0.5111111111111111
271,360,180,0.48333333333333334,0.48333333333333334
272,360,180,0.42777777777777776,0.42777777777777776
273,360,180,0.49444444444444446,0.4944444444444444
274,360,180,0.4777777777777778,0.47777777777777786
275,360,180,0.46111111111111114,0.4611111111111111
276,360,180,0.4111111111111111,0.41111111111111115
277,360,180,0.4777777777777778,0.4777777777777777
278,360,180,0.45,0.44999999999999996
279,360,180,0.4777777777777778,0.4777777777777777
280,360,180,0.4722222222222222,0.47222222222222215
281,360,180,0.4666666666666667,0.46666666666666673
282,360,180,0.4444444444444444,0.4444444444444445
283,360,180,0.4388888888888889,0.4388888888888889
284,360,180,0.4722222222222222,0.47222222222222227
285,360,180,0.5111111111111111,0.5111111111111111
286,360,180,0.4388888888888889,0.43888888888888883
287,360,180,0.4111111111111111,0.41111111111111115
288,360,180,0.45,0.44999999999999996
289,360,180,0.48333333333333334,0.48333333333333334
290,360,180,0.46111111111111114,0.4611111111111111
291,360,180,0.5166666666666667,0.5166666666666667
292,360,180,0.4444444444444444,0.4444444444444445
293,360,180,0.43333333333333335,0.4333333333333333
294,360,180,0.4666666666666667,0.4666666666666666
295,360,180,0.5555555555555556,0.5555555555555555
296,360,180,0.49444444444444446,0.4944444444444444
297,360,180,0.37777777777777777,0.37777777777777777
298,360,180,0.43333333333333335,0.43333333333333335
299,360,180,0.5277777777777778,0.5277777777777778
300,360,180,0.5111111111111111,0.5111111111111111
301,360,180,0.45555555555555555,0.45555555555555555
302,360,180,0.5166666666666667,0.5166666666666666
303,360,180,0.43333333333333335,0.43333333333333335
304,360,180,0.45555555555555555,0.4555555555555555
305,360,180,0.4888888888888889,0.4888888888888889
306,360,180,0.46111111111111114,0.4611111111111111
307,360,180,0.4388888888888889,0.4388888888888889
308,360,180,0.42777777777777776,0.4277777777777778
309,360,180,0.5222222222222223,0.5222222222222221
310,360,180,0.5,0.5
311,360,180,0.45,0.45
312,360,180,0.4722222222222222,0.47222222222222227
313,360,180,0.45,0.44999999999999996
314,360,180,0.4444444444444444,0.4444444444444444
315,360,180,0.4777777777777778,0.4777777777777777
316,360,180,0.49444444444444446,0.4944444444444444
317,360,180,0.48333333333333334,0.48333333333333334
318,360,180,0.46111111111111114,0.4611111111111112
319,360,180,0.4388888888888889,0.4388888888888889
320,360,180,0.46111111111111114,0.4611111111111112
321,360,180,0.45555555555555555,0.45555555555555555
322,360,180,0.5166666666666667,0.5166666666666667
323,360,180,0.4777777777777778,0.4777777777777778
324,360,180,0.5,0.5
325,360,180,0.42777777777777776,0.42777777777777776
326,360,180,0.4666666666666667,0.4666666666666666
327,360,180,0.40555555555555556,0.4055555555555556
328,360,180,0.48333333333333334,0.4833333333333332
329,360,180,0.38333333333333336,0.3833333333333333
330,360,180,0.4,0.4000000000000001
331,360,180,0.4777777777777778,0.4777777777777778
332,360,180,0.4444444444444444,0.4444444444444444
333,360,180,0.48333333333333334,0.48333333333333334
334,360,180,0.4388888888888889,0.4388888888888889
335,360,180,0.46111111111111114,0.4611111111111111
336,360,180,0.4,0.39999999999999997
337,360,180,0.4777777777777778,0.4777777777777778
338,360,180,0.5,0.5
339,360,180,0.5,0.5
340,360,180,0.4722222222222222,0.47222222222222215
341,360,180,0.45,0.45
342,360,180,0.42777777777777776,0.42777777777777776
343,360,180,0.45,0.45
344,360,180,0.4666666666666667,0.4666666666666666
345,360,180,0.4722222222222222,0.47222222222222215
346,360,180,0.4444444444444444,0.4444444444444444
347,360,180,0.4777777777777778,0.4777777777777778
348,360,180,0.4388888888888889,0.4388888888888889
349,360,180,0.5222222222222223,0.5222222222222223
350,360,180,0.5055555555555555,0.5055555555555555
351,360,180,0.4444444444444444,0.4444444444444444
352,360,180,0.4444444444444444,0.4444444444444444
353,360,180,0.42777777777777776,0.42777777777777776
354,360,180,0.43333333333333335,0.4333333333333333
355,360,180,0.4722222222222222,0.47222222222222227
356,360,180,0.5,0.49999999999999994
357,360,180,0.4666666666666667,0.4666666666666666
358,360,180,0.45555555555555555,0.45555555555555555
359,360,180,0.46111111111111114,0.4611111111111111
360,360,180,0.45555555555555555,0.45555555555555555
361,360,180,0.5,0.5
362,360,180,0.4666666666666667,0.46666666666666673
363,360,180,0.49444444444444446,0.4944444444444444
364,360,180,0.4444444444444444,0.4444444444444444
365,360,180,0.45555555555555555,0.45555555555555555
366,360,180,0.4444444444444444,0.4444444444444444
367,360,180,0.4888888888888889,0.4888888888888889
368,360,180,0.4722222222222222,0.47222222222222215
369,360,180,0.5,0.5
370,360,180,0.4666666666666667,0.46666666666666673
371,360,180,0.5277777777777778,0.5277777777777778
372,360,180,0.5222222222222223,0.5222222222222223
373,360,180,0.4388888888888889,0.4388888888888889
374,360,180,0.5333333333333333,0.5333333333333333
375,360,180,0.4666666666666667,0.46666666666666673
376,360,180,0.46111111111111114,0.4611111111111111
377,360,180,0.4388888888888889,0.4388888888888889
378,360,180,0.46111111111111114,0.4611111111111111
379,360,180,0.4777777777777778,0.4777777777777777
380,360,180,0.42777777777777776,0.42777777777777776
381,360,180,0.4888888888888889,0.48888888888888893
382,360,180,0.45555555555555555,0.4555555555555555
383,360,180,0.43333333333333335,0.4333333333333333
384,360,180,0.4722222222222222,0.47222222222222227
385,360,180,0.4722222222222222,0.47222222222222215
386,360,180,0.4888888888888889,0.4888888888888889
387,360,180,0.4666666666666667,0.46666666666666673
388,360,180,0.45555555555555555,0.45555555555555555
389,360,180,0.4444444444444444,0.4444444444444445
390,360,180,0.4666666666666667,0.4666666666666666
391,360,180,0.46111111111111114,0.4611111111111111
392,360,180,0.5,0.49999999999999994
393,360,180,0.45,0.45
394,360,180,0.4,0.39999999999999997
395,360,180,0.4722222222222222,0.47222222222222215
396,360,180,0.45,0.44999999999999996
397,360,180,0.4,0.39999999999999997
398,360,180,0.4777777777777778,0.4777777777777778
399,360,180,0.4777777777777778,0.4777777777777777
400,360,180,0.45,0.45
401,360,180,0.45555555555555555,0.45555555555555555
402,360,180,0.5277777777777778,0.5277777777777778
403,360,180,0.4166666666666667,0.4166666666666667
404,360,180,0.4666666666666667,0.4666666666666666
405,360,180,0.4,0.39999999999999997
406,360,180,0.4666666666666667,0.4666666666666666
407,360,180,0.4444444444444444,0.4444444444444444
408,360,180,0.5111111111111111,0.5111111111111112
409,360,180,0.45555555555555555,0.45555555555555555
410,360,180,0.4777777777777778,0.4777777777777777
411,360,180,0.43333333333333335,0.4333333333333333
412,360,180,0.49444444444444446,0.49444444444444446
413,360,180,0.4222222222222222,0.4222222222222222
414,360,180,0.48333333333333334,0.48333333333333334
415,360,180,0.45555555555555555,0.45555555555555555
416,360,180,0.5055555555555555,0.5055555555555556
417,360,180,0.48333333333333334,0.48333333333333334
418,360,180,0.4722222222222222,0.47222222222222227
419,360,180,0.45,0.44999999999999996
420,360,180,0.45,0.44999999999999996
421,360,180,0.42777777777777776,0.42777777777777776
422,360,180,0.4888888888888889,0.48888888888888893
423,360,180,0.4222222222222222,0.4222222222222222
424,360,180,0.43333333333333335,0.43333333333333335
425,360,180,0.5,0.49999999999999994
426,360,180,0.38333333333333336,0.3833333333333333
427,360,180,0.45,0.44999999999999996
428,360,180,0.49444444444444446,0.49444444444444446
429,360,180,0.4777777777777778,0.4777777777777778
430,360,180,0.43333333333333335,0.43333333333333335
431,360,180,0.46111111111111114,0.4611111111111111
432,360,180,0.4777777777777778,0.4777777777777778
433,360,180,0.4111111111111111,0.41111111111111115
434,360,180,0.4166666666666667,0.4166666666666667
435,360,180,0.4722222222222222,0.47222222222222227
436,360,180,0.4722222222222222,0.47222222222222215
437,360,180,0.4222222222222222,0.4222222222222222
438,360,180,0.4777777777777778,0.4777777777777777
439,360,180,0.4722222222222222,0.47222222222222215
440,360,180,0.49444444444444446,0.4944444444444444
441,360,180,0.4388888888888889,0.43888888888888883
442,360,180,0.46111111111111114,0.4611111111111111
443,360,180,0.45555555555555555,0.4555555555555555
444,360,180,0.4388888888888889,0.4388888888888889
445,360,180,0.5222222222222223,0.5222222222222223
446,360,180,0.45555555555555555,0.4555555555555555
447,360,180,0.45555555555555555,0.45555555555555555
448,360,180,0.45555555555555555,0.4555555555555555
449,360,180,0.4388888888888889,0.43888888888888894
450,360,180,0.4777777777777778,0.4777777777777778
451,360,180,0.5,0.5
452,360,180,0.4388888888888889,0.43888888888888883
453,360,180,0.4166666666666667,0.4166666666666667
454,360,180,0.48333333333333334,0.48333333333333334
455,360,180,0.45555555555555555,0.45555555555555555
456,360,180,0.4777777777777778,0.4777777777777778
457,360,180,0.4666666666666667,0.4666666666666666
458,360,180,0.45,0.44999999999999996
459,360,180,0.4111111111111111,0.41111111111111115
460,360,180,0.45,0.45
461,360,180,0.45555555555555555,0.45555555555555555
462,360,180,0.48333333333333334,0.48333333333333334
463,360,180,0.48333333333333334,0.4833333333333334
464,360,180,0.4444444444444444,0.4444444444444444
465,360,180,0.5222222222222223,0.5222222222222223
466,360,180,0.46111111111111114,0.4611111111111111
467,360,180,0.5222222222222223,0.5222222222222221
468,360,180,0.4388888888888889,0.4388888888888889
469,360,180,0.4722222222222222,0.47222222222222227
470,360,180,0.4166666666666667,0.4166666666666667
471,360,180,0.4888888888888889,0.4888888888888889
472,360,180,0.4777777777777778,0.4777777777777778
473,360,180,0.5055555555555555,0.5055555555555555
474,360,180,0.4777777777777778,0.4777777777777778
475,360,180,0.46111111111111114,0.4611111111111111
476,360,180,0.5055555555555555,0.5055555555555556
477,360,180,0.48333333333333334,0.48333333333333334
478,360,180,0.40555555555555556,0.4055555555555555
479,360,180,0.4888888888888889,0.48888888888888893
480,360,180,0.49444444444444446,0.49444444444444446
481,360,180,0.45555555555555555,0.45555555555555555
482,360,180,0.4888888888888889,0.4888888888888889
483,360,180,0.42777777777777776,0.42777777777777776
484,360,180,0.4388888888888889,0.4388888888888889
485,360,180,0.49444444444444446,0.49444444444444446
486,360,180,0.5166666666666667,0.5166666666666667
487,360,180,0.4,0.39999999999999997
488,360,180,0.4111111111111111,0.41111111111111115
489,360,180,0.49444444444444446,0.4944444444444444
490,360,180,0.48333333333333334,0.4833333333333334
491,360,180,0.4722222222222222,0.47222222222222215
492,360,180,0.46111111111111114,0.4611111111111111
493,360,180,0.4666666666666667,0.4666666666666666
494,360,180,0.46111111111111114,0.4611111111111111
495,360,180,0.4388888888888889,0.4388888888888889
496,360,180,0.4388888888888889,0.4388888888888889
497,360,180,0.5,0.5000000000000001
498,360,180,0.5111111111111111,0.5111111111111111
499,360,180,0.48333333333333334,0.48333333333333334
500,360,180,0.4666666666666667,0.46666666666666673
501,360,180,0.4722222222222222,0.47222222222222227
502,360,180,0.46111111111111114,0.4611111111111111
503,360,180,0.4444444444444444,0.4444444444444444
504,360,180,0.49444444444444446,0.49444444444444446
505,360,180,0.5166666666666667,0.5166666666666666
506,360,180,0.4666666666666667,0.4666666666666666
507,360,180,0.4888888888888889,0.48888888888888893
508,360,180,0.4388888888888889,0.4388888888888889
509,360,180,0.4388888888888889,0.43888888888888883
510,360,180,0.4777777777777778,0.4777777777777777
511,360,180,0.4777777777777778,0.4777777777777778
512,360,180,0.4388888888888889,0.4388888888888889
513,360,180,0.5,0.5
514,360,180,0.45555555555555555,0.4555555555555555
515,360,180,0.4111111111111111,0.41111111111111115
516,360,180,0.4777777777777778,0.4777777777777778
517,360,180,0.5055555555555555,0.5055555555555555
518,360,180,0.46111111111111114,0.4611111111111111
519,360,180,0.4777777777777778,0.4777777777777777
520,360,180,0.45,0.45
521,360,180,0.45555555555555555,0.4555555555555555
522,360,180,0.5,0.5
523,360,180,0.4666666666666667,0.4666666666666666
524,360,180,0.45,0.44999999999999996
525,360,180,0.4722222222222222,0.47222222222222215
526,360,180,0.4666666666666667,0.4666666666666666
527,360,180,0.45,0.45
528,360,180,0.45555555555555555,0.45555555555555555
529,360,180,0.5111111111111111,0.5111111111111111
530,360,180,0.4222222222222222,0.4222222222222222
531,360,180,0.48333333333333334,0.48333333333333334
532,360,180,0.45555555555555555,0.45555555555555555
533,360,180,0.4722222222222222,0.47222222222222227
534,360,180,0.4388888888888889,0.43888888888888883
535,360,180,0.49444444444444446,0.4944444444444444
536,360,180,0.43333333333333335,0.43333333333333335
537,360,180,0.45555555555555555,0.45555555555555555
538,360,180,0.45,0.45
539,360,180,0.46111111111111114,0.4611111111111111
540,360,180,0.4222222222222222,0.4222222222222222
541,360,180,0.5055555555555555,0.5055555555555555
542,360,180,0.4444444444444444,0.44444444444444436
543,360,180,0.4166666666666667,0.4166666666666667
544,360,180,0.5,0.49999999999999994
545,360,180,0.48333333333333334,0.4833333333333334
546,360,180,0.4388888888888889,0.4388888888888889
547,360,180,0.46111111111111114,0.4611111111111111
548,360,180,0.5111111111111111,0.5111111111111112
549,360,180,0.45555555555555555,0.4555555555555555
550,360,180,0.4777777777777778,0.4777777777777777
551,360,180,0.45,0.44999999999999996
552,360,180,0.42777777777777776,0.4277777777777778
553,360,180,0.4666666666666667,0.4666666666666666
554,360,180,0.4722222222222222,0.47222222222222227
555,360,180,0.46111111111111114,0.4611111111111111
556,360,180,0.4388888888888889,0.4388888888888889
557,360,180,0.46111111111111114,0.4611111111111111
558,360,180,0.46111111111111114,0.4611111111111111
559,360,180,0.42777777777777776,0.4277777777777778
560,360,180,0.4666666666666667,0.4666666666666666
561,360,180,0.43333333333333335,0.4333333333333333
562,360,180,0.5111111111111111,0.5111111111111112
563,360,180,0.4388888888888889,0.4388888888888889
564,360,180,0.4222222222222222,0.4222222222222222
565,360,180,0.46111111111111114,0.4611111111111111
566,360,180,0.4888888888888889,0.48888888888888893
567,360,180,0.5444444444444444,0.5444444444444444
568,360,180,0.4777777777777778,0.4777777777777778
569,360,180,0.4722222222222222,0.47222222222222215
570,360,180,0.45555555555555555,0.45555555555555555
571,360,180,0.49444444444444446,0.49444444444444446
572,360,180,0.4166666666666667,0.4166666666666667
573,360,180,0.42777777777777776,0.42777777777777776
574,360,180,0.46111111111111114,0.4611111111111111
575,360,180,0.4444444444444444,0.4444444444444444
576,360,180,0.45,0.45
577,360,180,0.46111111111111114,0.4611111111111111
578,360,180,0.48333333333333334,0.48333333333333334
579,360,180,0.4666666666666667,0.4666666666666666
580,360,180,0.4222222222222222,0.4222222222222222
581,360,180,0.4222222222222222,0.4222222222222222
582,360,180,0.4888888888888889,0.4888888888888889
583,360,180,0.4722222222222222,0.47222222222222215
584,360,180,0.45555555555555555,0.45555555555555555
585,360,180,0.5055555555555555,0.5055555555555555
586,360,180,0.45555555555555555,0.45555555555555555
587,360,180,0.4444444444444444,0.4444444444444444
588,360,180,0.4666666666666667,0.4666666666666666
589,360,180,0.5,0.5
590,360,180,0.4222222222222222,0.4222222222222222
591,360,180,0.4666666666666667,0.4666666666666666
592,360,180,0.43333333333333335,0.43333333333333335
593,360,180,0.4888888888888889,0.4888888888888889
594,360,180,0.5444444444444444,0.5444444444444444
595,360,180,0.4222222222222222,0.4222222222222222
596,360,180,0.5055555555555555,0.5055555555555555
597,360,180,0.4444444444444444,0.4444444444444444
598,360,180,0.4166666666666667,0.4166666666666667
599,360,180,0.5166666666666667,0.5166666666666666
600,360,180,0.4777777777777778,0.4777777777777778
601,360,180,0.46111111111111114,0.4611111111111111
602,360,180,0.4888888888888889,0.48888888888888876
603,360,180,0.43333333333333335,0.43333333333333335
604,360,180,0.46111111111111114,0.4611111111111111
605,360,180,0.4888888888888889,0.4888888888888889
606,360,180,0.42777777777777776,0.4277777777777778
607,360,180,0.42777777777777776,0.42777777777777776
608,360,180,0.45555555555555555,0.45555555555555555
609,360,180,0.4166666666666667,0.4166666666666667
610,360,180,0.4722222222222222,0.47222222222222227
611,360,180,0.48333333333333334,0.4833333333333334
612,360,180,0.46111111111111114,0.4611111111111111
613,360,180,0.5055555555555555,0.5055555555555555
614,360,180,0.39444444444444443,0.3944444444444444
615,360,180,0.4666666666666667,0.4666666666666666
616,360,180,0.46111111111111114,0.4611111111111112
617,360,180,0.4888888888888889,0.4888888888888889
618,360,180,0.4777777777777778,0.4777777777777778
619,360,180,0.45555555555555555,0.45555555555555555
620,360,180,0.4666666666666667,0.4666666666666666
621,360,180,0.45555555555555555,0.45555555555555555
622,360,180,0.4777777777777778,0.4777777777777778
623,360,180,0.4444444444444444,0.4444444444444444
624,360,180,0.43333333333333335,0.4333333333333333
625,360,180,0.45555555555555555,0.45555555555555555
626,360,180,0.5055555555555555,0.5055555555555555
627,360,180,0.4444444444444444,0.4444444444444445
628,360,180,0.45,0.45
629,360,180,0.4444444444444444,0.4444444444444445
630,360,180,0.4888888888888889,0.4888888888888889
631,360,180,0.49444444444444446,0.4944444444444444
632,360,180,0.46111111111111114,0.4611111111111111
633,360,180,0.45,0.45
634,360,180,0.42777777777777776,0.42777777777777776
635,360,180,0.48333333333333334,0.48333333333333334
636,360,180,0.4777777777777778,0.4777777777777777
637,360,180,0.49444444444444446,0.49444444444444446
638,360,180,0.45555555555555555,0.45555555555555555
639,360,180,0.46111111111111114,0.4611111111111111
640,360,180,0.4444444444444444,0.4444444444444445
641,360,180,0.4666666666666667,0.4666666666666666
642,360,180,0.4388888888888889,0.4388888888888889
643,360,180,0.4388888888888889,0.4388888888888889
644,360,180,0.4777777777777778,0.4777777777777778
645,360,180,0.4388888888888889,0.4388888888888889
646,360,180,0.5111111111111111,0.5111111111111112
647,360,180,0.45555555555555555,0.45555555555555555
648,360,180,0.4777777777777778,0.4777777777777778
649,360,180,0.48333333333333334,0.4833333333333334
650,360,180,0.4777777777777778,0.4777777777777777
651,360,180,0.4722222222222222,0.47222222222222215
652,360,180,0.4888888888888889,0.4888888888888889
653,360,180,0.4166666666666667,0.4166666666666667
654,360,180,0.4111111111111111,0.41111111111111115
655,360,180,0.4722222222222222,0.47222222222222215
656,360,180,0.4777777777777778,0.4777777777777778
657,360,180,0.4666666666666667,0.4666666666666666
658,360,180,0.4222222222222222,0.4222222222222222
659,360,180,0.46111111111111114,0.4611111111111111
660,360,180,0.4166666666666667,0.4166666666666667
661,360,180,0.4722222222222222,0.47222222222222227
662,360,180,0.46111111111111114,0.4611111111111111
663,360,180,0.4777777777777778,0.4777777777777778
664,360,180,0.4444444444444444,0.4444444444444444
665,360,180,0.5055555555555555,0.5055555555555555
666,360,180,0.4722222222222222,0.47222222222222215
667,360,180,0.45555555555555555,0.45555555555555555
668,360,180,0.4444444444444444,0.4444444444444444
669,360,180,0.4666666666666667,0.46666666666666673
670,360,180,0.4777777777777778,0.4777777777777778
671,360,180,0.48333333333333334,0.4833333333333334
672,360,180,0.4666666666666667,0.46666666666666673
673,360,180,0.5111111111111111,0.5111111111111111
674,360,180,0.4388888888888889,0.4388888888888889
675,360,180,0.4444444444444444,0.4444444444444444
676,360,180,0.4388888888888889,0.4388888888888889
677,360,180,0.4722222222222222,0.47222222222222227
678,360,180,0.4388888888888889,0.4388888888888889
679,360,180,0.4777777777777778,0.4777777777777778
680,360,180,0.4777777777777778,0.4777777777777778
681,360,180,0.5055555555555555,0.5055555555555555
682,360,180,0.4666666666666667,0.4666666666666666
683,360,180,0.5222222222222223,0.5222222222222223
684,360,180,0.4666666666666667,0.4666666666666666
685,360,180,0.4722222222222222,0.47222222222222227
686,360,180,0.4777777777777778,0.4777777777777777
687,360,180,0.49444444444444446,0.49444444444444446
688,360,180,0.46111111111111114,0.4611111111111111
689,360,180,0.43333333333333335,0.4333333333333333
690,360,180,0.46111111111111114,0.4611111111111111
691,360,180,0.4777777777777778,0.4777777777777777
692,360,180,0.4722222222222222,0.47222222222222215
693,360,180,0.46111111111111114,0.461111111111111
694,360,180,0.4722222222222222,0.47222222222222215
695,360,180,0.45,0.44999999999999996
696,360,180,0.4388888888888889,0.43888888888888894
697,360,180,0.4722222222222222,0.4722222222222223
698,360,180,0.45,0.44999999999999996
699,360,180,0.4666666666666667,0.46666666666666673
700,360,180,0.5111111111111111,0.5111111111111111
701,360,180,0.4666666666666667,0.4666666666666666
702,360,180,0.45555555555555555,0.45555555555555555
703,360,180,0.4444444444444444,0.4444444444444444
704,360,180,0.5166666666666667,0.5166666666666666
705,360,180,0.48333333333333334,0.48333333333333334
706,360,180,0.4888888888888889,0.4888888888888889
707,360,180,0.4444444444444444,0.4444444444444444
708,360,180,0.46111111111111114,0.4611111111111111
709,360,180,0.5333333333333333,0.5333333333333333
710,360,180,0.49444444444444446,0.49444444444444446
711,360,180,0.40555555555555556,0.4055555555555555
712,360,180,0.46111111111111114,0.4611111111111111
713,360,180,0.4777777777777778,0.4777777777777778
714,360,180,0.4722222222222222,0.47222222222222227
715,360,180,0.42777777777777776,0.42777777777777776
716,360,180,0.4888888888888889,0.48888888888888876
717,360,180,0.4722222222222222,0.47222222222222227
718,360,180,0.48333333333333334,0.48333333333333334
719,360,180,0.48333333333333334,0.4833333333333332
720,360,180,0.5,0.49999999999999994
721,360,180,0.4722222222222222,0.47222222222222215
722,360,180,0.48333333333333334,0.4833333333333334
723,360,180,0.45555555555555555,0.45555555555555555
724,360,180,0.5277777777777778,0.5277777777777778
725,360,180,0.49444444444444446,0.4944444444444444
726,360,180,0.4777777777777778,0.4777777777777778
727,360,180,0.4111111111111111,0.41111111111111115
728,360,180,0.45555555555555555,0.4555555555555555
729,360,180,0.4444444444444444,0.4444444444444445
730,360,180,0.4666666666666667,0.46666666666666673
731,360,180,0.48333333333333334,0.48333333333333334
732,360,180,0.45,0.44999999999999996
733,360,180,0.45,0.44999999999999996
734,360,180,0.45555555555555555,0.45555555555555555
735,360,180,0.45,0.44999999999999996
736,360,180,0.45,0.45
737,360,180,0.5,0.5
738,360,180,0.4388888888888889,0.4388888888888889
739,360,180,0.49444444444444446,0.49444444444444446
740,360,180,0.45555555555555555,0.45555555555555555
741,360,180,0.5055555555555555,0.5055555555555555
742,360,180,0.4222222222222222,0.4222222222222222
743,360,180,0.4722222222222222,0.47222222222222215
744,360,180,0.4444444444444444,0.4444444444444444
745,360,180,0.4666666666666667,0.4666666666666666
746,360,180,0.4777777777777778,0.4777777777777778
747,360,180,0.4666666666666667,0.4666666666666666
748,360,180,0.5111111111111111,0.5111111111111112
749,360,180,0.4444444444444444,0.4444444444444444
750,360,180,0.5222222222222223,0.5222222222222223
751,360,180,0.4444444444444444,0.4444444444444444
752,360,180,0.4222222222222222,0.4222222222222222
753,360,180,0.5,0.49999999999999994
754,360,180,0.5055555555555555,0.5055555555555555
755,360,180,0.46111111111111114,0.461111111111111
756,360,180,0.49444444444444446,0.49444444444444446
757,360,180,0.4777777777777778,0.4777777777777778
758,360,180,0.4222222222222222,0.4222222222222222
759,360,180,0.4444444444444444,0.4444444444444445
760,360,180,0.4666666666666667,0.4666666666666666
761,360,180,0.48333333333333334,0.48333333333333334
762,360,180,0.45555555555555555,0.45555555555555555
763,360,180,0.4777777777777778,0.4777777777777778
764,360,180,0.45,0.44999999999999996
765,360,180,0.5055555555555555,0.5055555555555555
766,360,180,0.4111111111111111,0.41111111111111115
767,360,180,0.45,0.45
768,360,180,0.46111111111111114,0.4611111111111111
769,360,180,0.4888888888888889,0.4888888888888889
770,360,180,0.49444444444444446,0.49444444444444446
771,360,180,0.5,0.5
772,360,180,0.4777777777777778,0.4777777777777778
773,360,180,0.4777777777777778,0.4777777777777777
774,360,180,0.45,0.44999999999999996
775,360,180,0.4722222222222222,0.47222222222222227
776,360,180,0.5166666666666667,0.5166666666666666
777,360,180,0.4888888888888889,0.4888888888888889
778,360,180,0.45,0.45
779,360,180,0.46111111111111114,0.4611111111111111
780,360,180,0.45555555555555555,0.45555555555555555
781,360,180,0.46111111111111114,0.4611111111111111
782,360,180,0.5055555555555555,0.5055555555555554
783,360,180,0.4888888888888889,0.48888888888888893
784,360,180,0.48333333333333334,0.48333333333333334
785,360,180,0.4166666666666667,0.4166666666666667
786,360,180,0.4722222222222222,0.47222222222222227
787,360,180,0.46111111111111114,0.4611111111111111
788,360,180,0.4444444444444444,0.4444444444444445
789,360,180,0.4444444444444444,0.4444444444444444
790,360,180,0.46111111111111114,0.4611111111111112
791,360,180,0.43333333333333335,0.4333333333333334
792,360,180,0.49444444444444446,0.4944444444444444
793,360,180,0.42777777777777776,0.42777777777777776
794,360,180,0.4666666666666667,0.4666666666666666
795,360,180,0.5055555555555555,0.5055555555555555
796,360,180,0.4722222222222222,0.47222222222222227
797,360,180,0.5,0.5
798,360,180,0.45555555555555555,0.45555555555555555
799,360,180,0.5333333333333333,0.5333333333333333
800,360,180,0.45,0.45
801,360,180,0.46111111111111114,0.4611111111111111
802,360,180,0.4722222222222222,0.47222222222222227
803,360,180,0.42777777777777776,0.42777777777777776
804,360,180,0.42777777777777776,0.42777777777777776
805,360,180,0.42777777777777776,0.4277777777777778
806,360,180,0.43333333333333335,0.43333333333333335
807,360,180,0.46111111111111114,0.4611111111111111
808,360,180,0.4666666666666667,0.46666666666666673
809,360,180,0.45555555555555555,0.4555555555555555
810,360,180,0.45555555555555555,0.45555555555555555
811,360,180,0.4,0.39999999999999997
812,360,180,0.4722222222222222,0.47222222222222227
813,360,180,0.4888888888888889,0.48888888888888893
814,360,180,0.48333333333333334,0.48333333333333334
815,360,180,0.4444444444444444,0.4444444444444444
816,360,180,0.4666666666666667,0.4666666666666666
817,360,180,0.42777777777777776,0.42777777777777776
818,360,180,0.46111111111111114,0.4611111111111111
819,360,180,0.4444444444444444,0.4444444444444444
820,360,180,0.46111111111111114,0.4611111111111111
821,360,180,0.49444444444444446,0.4944444444444444
822,360,180,0.45555555555555555,0.45555555555555555
823,360,180,0.4388888888888889,0.43888888888888883
824,360,180,0.4777777777777778,0.4777777777777777
825,360,180,0.40555555555555556,0.4055555555555556
826,360,180,0.48333333333333334,0.48333333333333334
827,360,180,0.45,0.44999999999999996
828,360,180,0.5,0.49999999999999994
829,360,180,0.4666666666666667,0.4666666666666666
830,360,180,0.4777777777777778,0.4777777777777778
831,360,180,0.5055555555555555,0.5055555555555555
832,360,180,0.45555555555555555,0.45555555555555555
833,360,180,0.4722222222222222,0.47222222222222227
834,360,180,0.4444444444444444,0.44444444444444436
835,360,180,0.45,0.44999999999999996
836,360,180,0.49444444444444446,0.49444444444444446
837,360,180,0.4888888888888889,0.48888888888888893
838,360,180,0.4388888888888889,0.4388888888888889
839,360,180,0.46111111111111114,0.4611111111111111
840,360,180,0.4722222222222222,0.47222222222222215
841,360,180,0.4222222222222222,0.4222222222222222
842,360,180,0.4666666666666667,0.46666666666666673
843,360,180,0.46111111111111114,0.4611111111111111
844,360,180,0.46111111111111114,0.461111111111111
845,360,180,0.4222222222222222,0.4222222222222222
846,360,180,0.4111111111111111,0.41111111111111115
847,360,180,0.4166666666666667,0.4166666666666667
848,360,180,0.4777777777777778,0.4777777777777778
849,360,180,0.48333333333333334,0.48333333333333334
850,360,180,0.48333333333333334,0.48333333333333334
851,360,180,0.4,0.39999999999999997
852,360,180,0.4388888888888889,0.4388888888888889
853,360,180,0.46111111111111114,0.4611111111111111
854,360,180,0.4777777777777778,0.4777777777777777
855,360,180,0.4888888888888889,0.4888888888888889
856,360,180,0.45,0.44999999999999996
857,360,180,0.43333333333333335,0.4333333333333333
858,360,180,0.48333333333333334,0.48333333333333334
859,360,180,0.4777777777777778,0.47777777777777786
860,360,180,0.42777777777777776,0.42777777777777776
861,360,180,0.48333333333333334,0.48333333333333334
862,360,180,0.4444444444444444,0.4444444444444444
863,360,180,0.5055555555555555,0.5055555555555555
864,360,180,0.4166666666666667,0.4166666666666667
865,360,180,0.4388888888888889,0.4388888888888889
866,360,180,0.4888888888888889,0.4888888888888889
867,360,180,0.4777777777777778,0.4777777777777778
868,360,180,0.45555555555555555,0.45555555555555555
869,360,180,0.5222222222222223,0.5222222222222223
870,360,180,0.45555555555555555,0.45555555555555555
871,360,180,0.48333333333333334,0.48333333333333334
872,360,180,0.4388888888888889,0.4388888888888889
873,360,180,0.4444444444444444,0.4444444444444444
874,360,180,0.4722222222222222,0.47222222222222227
875,360,180,0.4666666666666667,0.4666666666666666
876,360,180,0.4444444444444444,0.4444444444444444
877,360,180,0.4777777777777778,0.4777777777777778
878,360,180,0.5055555555555555,0.5055555555555555
879,360,180,0.46111111111111114,0.4611111111111111
880,360,180,0.5222222222222223,0.5222222222222223
881,360,180,0.4777777777777778,0.4777777777777778
882,360,180,0.4,0.4000000000000001
883,360,180,0.4388888888888889,0.4388888888888889
884,360,180,0.4777777777777778,0.4777777777777777
885,360,180,0.5166666666666667,0.5166666666666667
886,360,180,0.45555555555555555,0.45555555555555555
887,360,180,0.45555555555555555,0.4555555555555555
888,360,180,0.4444444444444444,0.4444444444444444
889,360,180,0.5055555555555555,0.5055555555555555
890,360,180,0.4666666666666667,0.4666666666666666
891,360,180,0.48333333333333334,0.4833333333333332
892,360,180,0.5055555555555555,0.5055555555555555
893,360,180,0.46111111111111114,0.461111111111111
894,360,180,0.5166666666666667,0.5166666666666667
895,360,180,0.42777777777777776,0.42777777777777776
896,360,180,0.5055555555555555,0.5055555555555555
897,360,180,0.49444444444444446,0.4944444444444444
898,360,180,0.5111111111111111,0.5111111111111111
899,360,180,0.4388888888888889,0.43888888888888883
900,360,180,0.46111111111111114,0.4611111111111111
901,360,180,0.5055555555555555,0.5055555555555555
902,360,180,0.4722222222222222,0.47222222222222227
903,360,180,0.4666666666666667,0.46666666666666673
904,360,180,0.5166666666666667,0.5166666666666666
905,360,180,0.43333333333333335,0.43333333333333335
906,360,180,0.4722222222222222,0.47222222222222227
907,360,180,0.45555555555555555,0.45555555555555555
908,360,180,0.4888888888888889,0.48888888888888893
909,360,180,0.40555555555555556,0.4055555555555556
910,360,180,0.45,0.44999999999999996
911,360,180,0.45,0.44999999999999996
912,360,180,0.48333333333333334,0.48333333333333334
913,360,180,0.49444444444444446,0.49444444444444446
914,360,180,0.45,0.45
915,360,180,0.4722222222222222,0.47222222222222215
916,360,180,0.45,0.44999999999999996
917,360,180,0.4722222222222222,0.47222222222222227
918,360,180,0.4888888888888889,0.4888888888888889
919,360,180,0.4888888888888889,0.4888888888888889
920,360,180,0.4222222222222222,0.4222222222222222
921,360,180,0.45555555555555555,0.45555555555555555
922,360,180,0.48333333333333334,0.4833333333333334
923,360,180,0.5,0.49999999999999994
924,360,180,0.4888888888888889,0.48888888888888876
925,360,180,0.4444444444444444,0.4444444444444444
926,360,180,0.46111111111111114,0.4611111111111111
927,360,180,0.4444444444444444,0.4444444444444444
928,360,180,0.4111111111111111,0.41111111111111115
929,360,180,0.5166666666666667,0.5166666666666667
930,360,180,0.49444444444444446,0.4944444444444444
931,360,180,0.4388888888888889,0.4388888888888889
932,360,180,0.4666666666666667,0.46666666666666673
933,360,180,0.42777777777777776,0.42777777777777776
934,360,180,0.46111111111111114,0.4611111111111111
935,360,180,0.4722222222222222,0.47222222222222215
936,360,180,0.42777777777777776,0.42777777777777776
937,360,180,0.4888888888888889,0.4888888888888889
938,360,180,0.5111111111111111,0.5111111111111111
939,360,180,0.45,0.45
940,360,180,0.5055555555555555,0.5055555555555556
941,360,180,0.4666666666666667,0.4666666666666666
942,360,180,0.45,0.45
943,360,180,0.39444444444444443,0.39444444444444443
944,360,180,0.4666666666666667,0.46666666666666673
945,360,180,0.5166666666666667,0.5166666666666666
946,360,180,0.4222222222222222,0.4222222222222222
947,360,180,0.45555555555555555,0.45555555555555555
948,360,180,0.45,0.45
949,360,180,0.4722222222222222,0.47222222222222227
950,360,180,0.5333333333333333,0.5333333333333333
951,360,180,0.46111111111111114,0.4611111111111111
952,360,180,0.4444444444444444,0.4444444444444445
953,360,180,0.4388888888888889,0.4388888888888889
954,360,180,0.48333333333333334,0.48333333333333334
955,360,180,0.45555555555555555,0.45555555555555555
956,360,180,0.4444444444444444,0.44444444444444436
957,360,180,0.4666666666666667,0.46666666666666673
958,360,180,0.45555555555555555,0.45555555555555555
959,360,180,0.45555555555555555,0.45555555555555555
960,360,180,0.55,0.5499999999999999
961,360,180,0.49444444444444446,0.4944444444444444
962,360,180,0.4722222222222222,0.47222222222222227
963,360,180,0.4666666666666667,0.4666666666666666
964,360,180,0.5444444444444444,0.5444444444444444
965,360,180,0.4722222222222222,0.47222222222222215
966,360,180,0.45,0.45
967,360,180,0.4222222222222222,0.4222222222222222
968,360,180,0.49444444444444446,0.49444444444444446
969,360,180,0.4722222222222222,0.47222222222222227
970,360,180,0.5111111111111111,0.5111111111111112
971,360,180,0.4111111111111111,0.41111111111111115
972,360,180,0.45,0.45
973,360,180,0.4722222222222222,0.47222222222222227
974,360,180,0.43333333333333335,0.4333333333333333
975,360,180,0.4777777777777778,0.4777777777777778
976,360,180,0.45555555555555555,0.45555555555555555
977,360,180,0.4666666666666667,0.4666666666666666
978,360,180,0.4666666666666667,0.4666666666666666
979,360,180,0.4777777777777778,0.4777777777777777
980,360,180,0.46111111111111114,0.4611111111111111
981,360,180,0.42777777777777776,0.42777777777777776
982,360,180,0.45,0.45
983,360,180,0.48333333333333334,0.48333333333333334
984,360,180,0.46111111111111114,0.4611111111111111
985,360,180,0.46111111111111114,0.4611111111111111
986,360,180,0.4722222222222222,0.47222222222222227
987,360,180,0.4666666666666667,0.4666666666666666
988,360,180,0.48333333333333334,0.48333333333333334
989,360,180,0.45555555555555555,0.45555555555555555
990,360,180,0.45555555555555555,0.45555555555555555
991,360,180,0.4666666666666667,0.4666666666666666
992,360,180,0.4722222222222222,0.47222222222222227
993,360,180,0.42777777777777776,0.42777777777777776
994,360,180,0.4444444444444444,0.4444444444444444
995,360,180,0.46111111111111114,0.4611111111111111
996,360,180,0.40555555555555556,0.4055555555555556
997,360,180,0.3888888888888889,0.38888888888888884
998,360,180,0.46111111111111114,0.4611111111111111
999,360,180,0.4777777777777778,0.4777777777777778
