feature_family,analysis,transfer_family,holdout,train_n,test_n,accuracy,balanced_accuracy,accuracy_delta_vs_frozen_full,balanced_accuracy_delta_vs_frozen_full
form_structure,P1,,,5398,180,0.34444444444444444,0.3444444444444444,-0.14444444444444443,-0.1444444444444445
form_structure,P3,,story,360,180,0.29444444444444445,0.29444444444444445,0.05000000000000002,0.04999999999999999
form_structure,P3,,animal,360,180,0.19444444444444445,0.19444444444444445,-0.05555555555555555,-0.05555555555555555
form_structure,P3,,poem,360,180,0.21666666666666667,0.21666666666666667,0.03888888888888889,0.03888888888888889
form_structure,P3,,pooled,0,540,0.2351851851851852,0.23518518518518516,0.011111111111111127,0.0111111111111111
form_structure,P4,phrasing,write,3599,1799,0.3379655364091162,0.33792270531400964,-0.30350194552529186,-0.3034986993682646
form_structure,P4,phrasing,compose,3599,1799,0.311284046692607,0.31132478632478633,-0.3479710950528071,-0.34806763285024156
form_structure,P4,phrasing,gimme,3598,1800,0.2811111111111111,0.28111111111111114,-0.2761111111111111,-0.27611111111111103
form_structure,P4,phrasing,pooled,0,5398,0.3101148573545758,0.31008857578379273,-0.30918858836606145,-0.30923145058295215
form_structure,P4,length_cap,5,3599,1799,0.29405225125069484,0.2938963210702341,-0.20177876598110062,-0.20177814938684507
form_structure,P4,length_cap,10,3599,1799,0.2662590327959978,0.2663507989594946,-0.3073929961089494,-0.3073987365291713
form_structure,P4,length_cap,20,3598,1800,0.26222222222222225,0.2622222222222222,-0.12111111111111111,-0.12111111111111111
form_structure,P4,length_cap,pooled,0,5398,0.2741756206002223,0.2741511144069542,-0.21007780659503517,-0.21011597247970992
grammar_person,P1,,,5398,180,0.31666666666666665,0.31666666666666665,-0.17222222222222222,-0.17222222222222222
grammar_person,P3,,story,360,180,0.2222222222222222,0.22222222222222224,-0.022222222222222227,-0.022222222222222227
grammar_person,P3,,animal,360,180,0.18333333333333332,0.18333333333333335,-0.06666666666666668,-0.06666666666666665
grammar_person,P3,,poem,360,180,0.14444444444444443,0.14444444444444446,-0.033333333333333354,-0.033333333333333326
grammar_person,P3,,pooled,0,540,0.18333333333333332,0.18333333333333332,-0.040740740740740744,-0.040740740740740744
grammar_person,P4,phrasing,write,3599,1799,0.4546970539188438,0.4546339650687477,-0.18677042801556426,-0.18678743961352656
grammar_person,P4,phrasing,compose,3599,1799,0.4652584769316287,0.46537160906726127,-0.1939966648137854,-0.19402081010776662
grammar_person,P4,phrasing,gimme,3598,1800,0.44,0.44,-0.11722222222222217,-0.11722222222222217
grammar_person,P4,phrasing,pooled,0,5398,0.45331604297888106,0.4533302434804103,-0.16598740274175616,-0.1659897828863346
grammar_person,P4,length_cap,5,3599,1799,0.3529738743746526,0.3529858788554441,-0.14285714285714285,-0.1426885916016351
grammar_person,P4,length_cap,10,3599,1799,0.45858810450250137,0.45872166480862137,-0.11506392440244578,-0.11502787068004455
grammar_person,P4,length_cap,20,3598,1800,0.3927777777777778,0.3927777777777777,0.009444444444444422,0.009444444444444422
grammar_person,P4,length_cap,pooled,0,5398,0.40144497962208225,0.4014662382070613,-0.08280844757317524,-0.08280084867960286
punctuation,P1,,,5398,180,0.3388888888888889,0.33888888888888885,-0.14999999999999997,-0.15000000000000002
punctuation,P3,,story,360,180,0.23333333333333334,0.2333333333333333,-0.0111111111111111,-0.011111111111111155
punctuation,P3,,animal,360,180,0.19444444444444445,0.19444444444444445,-0.05555555555555555,-0.05555555555555555
punctuation,P3,,poem,360,180,0.28888888888888886,0.2888888888888889,0.11111111111111108,0.11111111111111113
punctuation,P3,,pooled,0,540,0.2388888888888889,0.23888888888888885,0.014814814814814836,0.01481481481481478
punctuation,P4,phrasing,write,3599,1799,0.4130072262367982,0.4128242289111855,-0.22846025569760986,-0.2285971757710888
punctuation,P4,phrasing,compose,3599,1799,0.42579210672595885,0.4258992939427722,-0.23346303501945526,-0.23349312523225568
punctuation,P4,phrasing,gimme,3598,1800,0.38722222222222225,0.3872222222222222,-0.16999999999999993,-0.16999999999999998
punctuation,P4,phrasing,pooled,0,5398,0.4086698777324935,0.4086435545668026,-0.2106335679881437,-0.21067647179994226
punctuation,P4,length_cap,5,3599,1799,0.34296831573096165,0.3427777777777778,-0.1528627015008338,-0.1528966926793014
punctuation,P4,length_cap,10,3599,1799,0.36075597554196775,0.36086213303604603,-0.2128960533629794,-0.2128874024526199
punctuation,P4,length_cap,20,3598,1800,0.37,0.37000000000000005,-0.013333333333333364,-0.013333333333333253
punctuation,P4,length_cap,pooled,0,5398,0.35791033716191184,0.35791434927697446,-0.12634309003334565,-0.12635273760968968
nonstructural_style,P1,,,5398,180,0.43333333333333335,0.43333333333333335,-0.055555555555555525,-0.055555555555555525
nonstructural_style,P3,,story,360,180,0.24444444444444444,0.24444444444444446,0.0,0.0
nonstructural_style,P3,,animal,360,180,0.17222222222222222,0.1722222222222222,-0.07777777777777778,-0.0777777777777778
nonstructural_style,P3,,poem,360,180,0.19444444444444445,0.19444444444444442,0.016666666666666663,0.016666666666666635
nonstructural_style,P3,,pooled,0,540,0.2037037037037037,0.20370370370370372,-0.020370370370370372,-0.020370370370370344
nonstructural_style,P4,phrasing,write,3599,1799,0.5697609783212896,0.5696897064288369,-0.07170650361311848,-0.07173169825343739
nonstructural_style,P4,phrasing,compose,3599,1799,0.5808782657031685,0.5809810479375697,-0.07837687604224564,-0.07841137123745823
nonstructural_style,P4,phrasing,gimme,3598,1800,0.5244444444444445,0.5244444444444444,-0.032777777777777684,-0.032777777777777795
nonstructural_style,P4,phrasing,pooled,0,5398,0.5583549462763987,0.5583605240390558,-0.060948499444238524,-0.0609595023276891
nonstructural_style,P4,length_cap,5,3599,1799,0.4296831573096164,0.4296098104793757,-0.06614785992217903,-0.0660646599777035
nonstructural_style,P4,length_cap,10,3599,1799,0.5625347415230684,0.5626012634708286,-0.011117287381878782,-0.011148272017837302
nonstructural_style,P4,length_cap,20,3598,1800,0.4961111111111111,0.4961111111111111,0.11277777777777775,0.11277777777777781
nonstructural_style,P4,length_cap,pooled,0,5398,0.4961096702482401,0.4961214106208544,0.011856243052982607,0.011854323734190264
full_body,P1,,,5398,180,0.4888888888888889,0.4888888888888889,0.0,0.0
full_body,P3,,story,360,180,0.24444444444444444,0.24444444444444446,0.0,0.0
full_body,P3,,animal,360,180,0.25,0.25,0.0,0.0
full_body,P3,,poem,360,180,0.17777777777777778,0.17777777777777778,0.0,0.0
full_body,P3,,pooled,0,540,0.22407407407407406,0.22407407407407406,0.0,0.0
full_body,P4,phrasing,write,3599,1799,0.6414674819344081,0.6414214046822743,0.0,0.0
full_body,P4,phrasing,compose,3599,1799,0.6592551417454141,0.6593924191750279,0.0,0.0
full_body,P4,phrasing,gimme,3598,1800,0.5572222222222222,0.5572222222222222,0.0,0.0
full_body,P4,phrasing,pooled,0,5398,0.6193034457206372,0.6193200263667449,0.0,0.0
full_body,P4,length_cap,5,3599,1799,0.49583101723179546,0.4956744704570792,0.0,0.0
full_body,P4,length_cap,10,3599,1799,0.5736520289049472,0.5737495354886659,0.0,0.0
full_body,P4,length_cap,20,3598,1800,0.38333333333333336,0.3833333333333333,0.0,0.0
full_body,P4,length_cap,pooled,0,5398,0.4842534271952575,0.48426708688666414,0.0,0.0
