source_layer,analysis,transfer_family,holdout,train_environment,test_environment,train_n,test_n,feature_family,accuracy,balanced_accuracy,chance_reference,chance_adjusted_accuracy,accuracy_95pct_low,accuracy_95pct_high
frozen_primary,P1,cross_study,BA1_poetry,BA2_poetry,BA1_poetry,5398,180,full_body,0.4888888888888889,0.4888888888888889,0.16666666666666666,0.3866666666666666,,
frozen_primary,P3,genre,story,BA1_animal+poem,BA1_story,360,180,full_body,0.24444444444444444,0.24444444444444446,0.16666666666666666,0.09333333333333334,,
frozen_primary,P3,genre,animal,BA1_story+poem,BA1_animal,360,180,full_body,0.25,0.25,0.16666666666666666,0.1,,
frozen_primary,P3,genre,poem,BA1_story+animal,BA1_poem,360,180,full_body,0.17777777777777778,0.17777777777777778,0.16666666666666666,0.013333333333333352,,
frozen_primary,P4,phrasing,write,BA2_compose+gimme,BA2_write,3599,1799,full_body,0.6414674819344081,0.6414214046822743,0.16666666666666666,0.5697609783212897,,
frozen_primary,P4,phrasing,compose,BA2_write+gimme,BA2_compose,3599,1799,full_body,0.6592551417454141,0.6593924191750279,0.16666666666666666,0.591106170094497,,
frozen_primary,P4,phrasing,gimme,BA2_write+compose,BA2_gimme,3598,1800,full_body,0.5572222222222222,0.5572222222222222,0.16666666666666666,0.4686666666666666,,
frozen_primary,P4,length_cap,5,BA2_cap_10+20,BA2_cap_5,3599,1799,full_body,0.49583101723179546,0.4956744704570792,0.16666666666666666,0.39499722067815457,,
frozen_primary,P4,length_cap,10,BA2_cap_5+20,BA2_cap_10,3599,1799,full_body,0.5736520289049472,0.5737495354886659,0.16666666666666666,0.4883824346859366,,
frozen_primary,P4,length_cap,20,BA2_cap_5+10,BA2_cap_20,3598,1800,full_body,0.38333333333333336,0.3833333333333333,0.16666666666666666,0.26,,
IA2,P1,cross_study,BA1_poetry,BA2_poetry,BA1_poetry,5398,180,form_structure,0.34444444444444444,0.3444444444444444,0.16666666666666666,0.21333333333333332,,
IA2,P3,genre,story,BA1_animal+poem,BA1_story,360,180,form_structure,0.29444444444444445,0.29444444444444445,0.16666666666666666,0.15333333333333335,,
IA2,P3,genre,animal,BA1_story+poem,BA1_animal,360,180,form_structure,0.19444444444444445,0.19444444444444445,0.16666666666666666,0.03333333333333335,,
IA2,P3,genre,poem,BA1_story+animal,BA1_poem,360,180,form_structure,0.21666666666666667,0.21666666666666667,0.16666666666666666,0.06000000000000002,,
IA2,P4,phrasing,write,BA2_compose+gimme,BA2_write,3599,1799,form_structure,0.3379655364091162,0.33792270531400964,0.16666666666666666,0.20555864369093943,,
IA2,P4,phrasing,compose,BA2_write+gimme,BA2_compose,3599,1799,form_structure,0.311284046692607,0.31132478632478633,0.16666666666666666,0.17354085603112843,,
IA2,P4,phrasing,gimme,BA2_write+compose,BA2_gimme,3598,1800,form_structure,0.2811111111111111,0.28111111111111114,0.16666666666666666,0.1373333333333333,,
IA2,P4,length_cap,5,BA2_cap_10+20,BA2_cap_5,3599,1799,form_structure,0.29405225125069484,0.2938963210702341,0.16666666666666666,0.1528627015008338,,
IA2,P4,length_cap,10,BA2_cap_5+20,BA2_cap_10,3599,1799,form_structure,0.2662590327959978,0.2663507989594946,0.16666666666666666,0.11951083935519734,,
IA2,P4,length_cap,20,BA2_cap_5+10,BA2_cap_20,3598,1800,form_structure,0.26222222222222225,0.2622222222222222,0.16666666666666666,0.1146666666666667,,
IA2,P1,cross_study,BA1_poetry,BA2_poetry,BA1_poetry,5398,180,grammar_person,0.31666666666666665,0.31666666666666665,0.16666666666666666,0.18,,
IA2,P3,genre,story,BA1_animal+poem,BA1_story,360,180,grammar_person,0.2222222222222222,0.22222222222222224,0.16666666666666666,0.06666666666666667,,
IA2,P3,genre,animal,BA1_story+poem,BA1_animal,360,180,grammar_person,0.18333333333333332,0.18333333333333335,0.16666666666666666,0.019999999999999993,,
IA2,P3,genre,poem,BA1_story+animal,BA1_poem,360,180,grammar_person,0.14444444444444443,0.14444444444444446,0.16666666666666666,-0.026666666666666672,,
IA2,P4,phrasing,write,BA2_compose+gimme,BA2_write,3599,1799,grammar_person,0.4546970539188438,0.4546339650687477,0.16666666666666666,0.3456364647026125,,
IA2,P4,phrasing,compose,BA2_write+gimme,BA2_compose,3599,1799,grammar_person,0.4652584769316287,0.46537160906726127,0.16666666666666666,0.3583101723179545,,
IA2,P4,phrasing,gimme,BA2_write+compose,BA2_gimme,3598,1800,grammar_person,0.44,0.44,0.16666666666666666,0.32799999999999996,,
IA2,P4,length_cap,5,BA2_cap_10+20,BA2_cap_5,3599,1799,grammar_person,0.3529738743746526,0.3529858788554441,0.16666666666666666,0.22356864924958314,,
IA2,P4,length_cap,10,BA2_cap_5+20,BA2_cap_10,3599,1799,grammar_person,0.45858810450250137,0.45872166480862137,0.16666666666666666,0.3503057254030016,,
IA2,P4,length_cap,20,BA2_cap_5+10,BA2_cap_20,3598,1800,grammar_person,0.3927777777777778,0.3927777777777777,0.16666666666666666,0.2713333333333333,,
IA2,P1,cross_study,BA1_poetry,BA2_poetry,BA1_poetry,5398,180,punctuation,0.3388888888888889,0.33888888888888885,0.16666666666666666,0.2066666666666667,,
IA2,P3,genre,story,BA1_animal+poem,BA1_story,360,180,punctuation,0.23333333333333334,0.2333333333333333,0.16666666666666666,0.08000000000000002,,
IA2,P3,genre,animal,BA1_story+poem,BA1_animal,360,180,punctuation,0.19444444444444445,0.19444444444444445,0.16666666666666666,0.03333333333333335,,
IA2,P3,genre,poem,BA1_story+animal,BA1_poem,360,180,punctuation,0.28888888888888886,0.2888888888888889,0.16666666666666666,0.14666666666666664,,
IA2,P4,phrasing,write,BA2_compose+gimme,BA2_write,3599,1799,punctuation,0.4130072262367982,0.4128242289111855,0.16666666666666666,0.2956086714841578,,
IA2,P4,phrasing,compose,BA2_write+gimme,BA2_compose,3599,1799,punctuation,0.42579210672595885,0.4258992939427722,0.16666666666666666,0.3109505280711506,,
IA2,P4,phrasing,gimme,BA2_write+compose,BA2_gimme,3598,1800,punctuation,0.38722222222222225,0.3872222222222222,0.16666666666666666,0.2646666666666667,,
IA2,P4,length_cap,5,BA2_cap_10+20,BA2_cap_5,3599,1799,punctuation,0.34296831573096165,0.3427777777777778,0.16666666666666666,0.21156197887715397,,
IA2,P4,length_cap,10,BA2_cap_5+20,BA2_cap_10,3599,1799,punctuation,0.36075597554196775,0.36086213303604603,0.16666666666666666,0.23290717065036132,,
IA2,P4,length_cap,20,BA2_cap_5+10,BA2_cap_20,3598,1800,punctuation,0.37,0.37000000000000005,0.16666666666666666,0.244,,
IA2,P1,cross_study,BA1_poetry,BA2_poetry,BA1_poetry,5398,180,nonstructural_style,0.43333333333333335,0.43333333333333335,0.16666666666666666,0.32000000000000006,,
IA2,P3,genre,story,BA1_animal+poem,BA1_story,360,180,nonstructural_style,0.24444444444444444,0.24444444444444446,0.16666666666666666,0.09333333333333334,,
IA2,P3,genre,animal,BA1_story+poem,BA1_animal,360,180,nonstructural_style,0.17222222222222222,0.1722222222222222,0.16666666666666666,0.006666666666666676,,
IA2,P3,genre,poem,BA1_story+animal,BA1_poem,360,180,nonstructural_style,0.19444444444444445,0.19444444444444442,0.16666666666666666,0.03333333333333335,,
IA2,P4,phrasing,write,BA2_compose+gimme,BA2_write,3599,1799,nonstructural_style,0.5697609783212896,0.5696897064288369,0.16666666666666666,0.48371317398554753,,
IA2,P4,phrasing,compose,BA2_write+gimme,BA2_compose,3599,1799,nonstructural_style,0.5808782657031685,0.5809810479375697,0.16666666666666666,0.4970539188438022,,
IA2,P4,phrasing,gimme,BA2_write+compose,BA2_gimme,3598,1800,nonstructural_style,0.5244444444444445,0.5244444444444444,0.16666666666666666,0.4293333333333334,,
IA2,P4,length_cap,5,BA2_cap_10+20,BA2_cap_5,3599,1799,nonstructural_style,0.4296831573096164,0.4296098104793757,0.16666666666666666,0.3156197887715397,,
IA2,P4,length_cap,10,BA2_cap_5+20,BA2_cap_10,3599,1799,nonstructural_style,0.5625347415230684,0.5626012634708286,0.16666666666666666,0.4750416898276821,,
IA2,P4,length_cap,20,BA2_cap_5+10,BA2_cap_20,3598,1800,nonstructural_style,0.4961111111111111,0.4961111111111111,0.16666666666666666,0.3953333333333333,,
IA1_summary,IA1,cross_study_size_matched,BA1_poetry,BA2_poetry_balanced_360,BA1_poetry,360,180,full_body,0.46111111111111114,0.4611111111111111,0.16666666666666666,0.3533333333333334,0.40555555555555556,0.5222222222222223
